ID,method,fanIN,fanOUT,localVar,parametersCount,commentToCodeRatio,countPath,complexity,execStmt,maxNesting,readability,cos,Purpose,Notice,UnderDev,StyleAndIde,Metadata,Discarded,featureEnvy,longParam,messageChains,longMethod,methodHistories,authors,stmtAdded,maxStmtAdded,avgStmtAdded,stmtDeleted,maxStmtDeleted,avgStmtDeleted,churn,maxChurn,avgChurn,decl,cond,elseAdded,elseDeleted,developers,ownership,entropy,buggy,APC exp coeff,APX exp base,APC poly coeff,APC poly power
4,com.puppycrawl.tools.checkstyle.gui.JTreeTable:setLinePositionMap,1,0,0,1,0.0,0,1,3,0,0.2538225054740906,0.0,0,0,0,0,0,0,0,0,0,0,1,1,3.0,3.0,3.0,0.0,0.0,0.0,3.0,3.0,3.0,0.0,0.0,0.0,0.0,1.0,0.3333333333333333,0.0,false,0,0,1.0,0
4,com.puppycrawl.tools.checkstyle.gui.JTreeTable:JTreeTable,0,19,0,1,0.027777777777777776,2,4,36,2,0.0,0.0,0,0,0,0,0,0,0,0,0,0,4,2,8.0,3.0,2.0,0.0,0.0,0.0,8.0,3.0,2.0,0.0,0.0,0.0,0.0,0.75,0.25,0.0,true,0,0,2.0,0
4,com.puppycrawl.tools.checkstyle.checks.javadoc.JavadocMethodCheck:calculateScope,1,3,0,1,1.0,0,4,6,0,0.7768274545669556,0.6372116189642144,0,0,0,0,0,0,0,0,0,0,1,1,41.0,41.0,41.0,8.0,8.0,8.0,33.0,33.0,33.0,0.0,0.0,0.0,0.0,1.0,0.024390243902439025,0.04081632653061224,false,0,0,2.0,0
4,com.puppycrawl.tools.checkstyle.checks.javadoc.JavadocMethodCheck:isMissingJavadocAllowed,1,2,0,1,2.5,0,6,4,0,0.991180419921875,0.6048147367590061,0,0,0,0,0,0,0,0,0,0,3,2,141.0,80.0,47.0,32.0,24.0,10.666666666666666,109.0,56.0,36.333333333333336,0.0,1.0,0.0,0.0,0.6666666666666666,0.0070921985815602835,0.011560693641618497,true,0,0,5.0,0
4,com.puppycrawl.tools.checkstyle.gui.AbstractTreeTableModel:getColumnClass,3,0,0,1,0.0,0,2,3,0,0.536163330078125,0.0,0,0,0,0,0,0,0,0,0,0,1,1,0.0,0.0,0.0,0.0,0.0,0.0,0.0,0.0,0.0,0.0,0.0,0.0,0.0,1.0,0.0,0.0,true,0,0,1.0,0
4,com.puppycrawl.tools.checkstyle.checks.sizes.MethodCountCheckTest:testThrees,0,4,0,0,0.0,0,3,10,0,0.0,0.0,0,0,0,0,0,0,0,0,1,0,2,1,5.0,5.0,2.5,0.0,0.0,0.0,5.0,5.0,2.5,0.0,0.0,0.0,0.0,1.0,0.2,0.0,true,0,0,1.0,0
4,com.puppycrawl.tools.checkstyle.checks.blocks.RightCurlyCheck:hasLineBreakBefore,1,2,0,1,0.4,2,6,10,2,0.31945735216140747,0.7436131563627619,0,0,0,0,0,0,0,0,0,0,1,1,10.0,10.0,10.0,0.0,0.0,0.0,10.0,10.0,10.0,0.0,2.0,0.0,0.0,1.0,0.1,0.0,true,0,0,4.0,0
4,com.puppycrawl.tools.checkstyle.checks.naming.AbstractClassNameCheck:getDefaultTokens,23,0,0,0,0.0,0,2,3,0,0.6761256456375122,0.0,0,0,0,0,0,0,0,0,0,0,2,1,0.0,0.0,0.0,0.0,0.0,0.0,0.0,0.0,0.0,0.0,0.0,0.0,0.0,1.0,0.0,0.0,true,0,0,1.0,0
4,com.puppycrawl.tools.checkstyle.checks.javadoc.JavadocMethodCheck:setMinLineCount,0,0,0,1,0.75,0,1,4,0,0.9797975420951843,0.29250896965085227,0,0,0,0,0,0,0,0,0,0,1,1,80.0,80.0,80.0,24.0,24.0,24.0,56.0,56.0,56.0,0.0,1.0,0.0,0.0,1.0,0.0125,0.019230769230769232,true,0,0,1.0,0
4,com.puppycrawl.tools.checkstyle.gui.AbstractTreeTableModel:fireTreeNodesInserted,0,2,0,4,0.0,3,3,12,3,0.00434825150296092,0.0,0,0,0,0,0,0,0,0,0,0,2,2,24.0,20.0,12.0,0.0,0.0,0.0,24.0,20.0,12.0,0.0,0.0,0.0,0.0,0.5,0.041666666666666664,0.0,true,0.402,1.2786,0,0
4,com.puppycrawl.tools.checkstyle.checks.coding.NestedForDepthCheckTest:testNestedOk,0,4,0,0,1.1428571428571428,0,4,7,0,0.24352630972862244,0.23926830649550085,0,0,0,0,0,0,0,0,0,0,1,1,7.0,7.0,7.0,0.0,0.0,0.0,7.0,7.0,7.0,0.0,0.0,0.0,0.0,1.0,0.14285714285714285,0.0,true,0,0,1.0,0
4,com.puppycrawl.tools.checkstyle.doclets.CheckDocsDoclet:getPageName,1,5,0,1,0.4444444444444444,1,4,9,1,0.35148030519485474,0.6546536707079772,0,0,0,0,0,0,0,0,0,0,1,1,1.0,1.0,1.0,0.0,0.0,0.0,1.0,1.0,1.0,0.0,0.0,0.0,0.0,1.0,1.0,0.0,false,0,0,2.0,0
4,com.puppycrawl.tools.checkstyle.doclets.TokenTypesDoclet:getDestFileName,1,1,0,1,0.4,2,4,10,2,0.6519253849983215,0.6055300708194983,0,0,0,0,0,0,0,0,0,0,2,1,4.0,2.0,2.0,0.0,0.0,0.0,4.0,2.0,2.0,0.0,0.0,0.0,0.0,1.0,0.5,0.0,false,0.7217,1.2207,0,0
4,com.puppycrawl.tools.checkstyle.checks.naming.AbstractAccessControlNameCheck:setApplyToProtected,0,0,0,1,0.75,0,1,4,0,0.9644309282302856,0.6135719910778963,0,0,0,0,0,0,0,0,0,0,1,1,4.0,4.0,4.0,0.0,0.0,0.0,4.0,4.0,4.0,0.0,0.0,0.0,0.0,1.0,0.25,0.0,false,0,0,1.0,0
4,com.puppycrawl.tools.checkstyle.checks.whitespace.WhitespaceAroundCheck:isEmptyType,1,2,0,2,0.9166666666666666,2,4,12,2,0.01935223676264286,0.33392336551439405,0,0,0,0,0,0,0,0,1,0,4,2,4.0,4.0,1.0,0.0,0.0,0.0,4.0,4.0,1.0,0.0,0.0,0.0,0.0,0.75,0.75,0.0,true,0,0,15.0,0
4,com.puppycrawl.tools.checkstyle.checks.whitespace.OperatorWrapCheck:getDefaultTokens,23,0,0,0,0.0,0,2,3,0,0.0,0.0,0,0,0,0,0,0,0,0,0,0,3,2,1.0,1.0,0.3333333333333333,0.0,0.0,0.0,1.0,1.0,0.3333333333333333,0.0,0.0,0.0,0.0,0.6666666666666666,2.0,0.0,true,0,0,1.0,0
4,com.puppycrawl.tools.checkstyle.checks.coding.OneStatementPerLineCheckInput:doStringBuffer,0,2,0,0,0.42857142857142855,0,1,7,0,0.5811976194381714,0.2864459496157732,0,0,0,0,0,0,0,0,0,0,1,1,4.0,4.0,4.0,0.0,0.0,0.0,4.0,4.0,4.0,0.0,0.0,0.0,0.0,1.0,0.25,0.0,false,0,0,1.0,0
4,com.puppycrawl.tools.checkstyle.checks.javadoc.JavadocMethodCheck:getThrows,1,8,0,1,0.23529411764705882,3,6,17,3,0.02209366299211979,0.2886751345948129,0,0,0,0,0,0,0,0,1,0,4,1,14.0,5.0,3.5,3.0,3.0,0.75,11.0,2.0,2.75,0.0,0.0,0.0,0.0,1.0,0.14285714285714285,0.29411764705882354,false,0.2898,1.2906,0,0
4,com.puppycrawl.tools.checkstyle.checks.sizes.MethodCountCheckInput:doNothing00,0,0,0,0,0.6666666666666666,0,1,3,0,0.9858286380767822,0.0,0,0,0,0,0,0,0,0,0,0,1,1,3.0,3.0,3.0,0.0,0.0,0.0,3.0,3.0,3.0,0.0,0.0,0.0,0.0,1.0,0.3333333333333333,0.0,false,0,0,1.0,0
4,com.puppycrawl.tools.checkstyle.checks.sizes.MethodCountCheckInput:doNothing02,0,0,0,0,0.6666666666666666,0,1,3,0,0.9858286380767822,0.0,0,0,0,0,0,0,0,0,0,0,1,1,3.0,3.0,3.0,0.0,0.0,0.0,3.0,3.0,3.0,0.0,0.0,0.0,0.0,1.0,0.3333333333333333,0.0,false,0,0,1.0,0
4,com.puppycrawl.tools.checkstyle.checks.sizes.MethodCountCheckInput:doNothing01,0,0,0,0,0.6666666666666666,0,1,3,0,0.9858286380767822,0.0,0,0,0,0,0,0,0,0,0,0,1,1,3.0,3.0,3.0,0.0,0.0,0.0,3.0,3.0,3.0,0.0,0.0,0.0,0.0,1.0,0.3333333333333333,0.0,false,0,0,1.0,0
4,com.puppycrawl.tools.checkstyle.grammars.java8.DefaulMethodsTest:testCanParse,0,3,0,0,0.0,0,3,5,0,0.4107092022895813,0.0,0,0,0,0,0,0,0,0,0,0,1,1,5.0,5.0,5.0,0.0,0.0,0.0,5.0,5.0,5.0,0.0,0.0,0.0,0.0,1.0,0.2,0.0,false,0,0,1.0,0
4,com.puppycrawl.tools.checkstyle.checks.sizes.MethodCountCheckInput:doNothing20,0,0,0,0,0.6666666666666666,0,1,3,0,0.983782947063446,0.0,0,0,0,0,0,0,0,0,0,0,1,1,3.0,3.0,3.0,0.0,0.0,0.0,3.0,3.0,3.0,0.0,0.0,0.0,0.0,1.0,0.3333333333333333,0.0,false,0,0,1.0,0
4,com.puppycrawl.tools.checkstyle.checks.sizes.MethodCountCheckInput:doNothing22,0,0,0,0,0.6666666666666666,0,1,3,0,0.983782947063446,0.0,0,0,0,0,0,0,0,0,0,0,1,1,3.0,3.0,3.0,0.0,0.0,0.0,3.0,3.0,3.0,0.0,0.0,0.0,0.0,1.0,0.3333333333333333,0.0,false,0,0,1.0,0
4,com.puppycrawl.tools.checkstyle.checks.sizes.MethodCountCheckInput:doNothing21,0,0,0,0,0.6666666666666666,0,1,3,0,0.983782947063446,0.0,0,0,0,0,0,0,0,0,0,0,1,1,3.0,3.0,3.0,0.0,0.0,0.0,3.0,3.0,3.0,0.0,0.0,0.0,0.0,1.0,0.3333333333333333,0.0,false,0,0,1.0,0
4,com.puppycrawl.tools.checkstyle.checks.sizes.MethodCountCheckInput:doNothing24,0,0,0,0,0.6666666666666666,0,1,3,0,0.983782947063446,0.0,0,0,0,0,0,0,0,0,0,0,1,1,3.0,3.0,3.0,0.0,0.0,0.0,3.0,3.0,3.0,0.0,0.0,0.0,0.0,1.0,0.3333333333333333,0.0,false,0,0,1.0,0
4,com.puppycrawl.tools.checkstyle.checks.sizes.MethodCountCheckInput:doNothing23,0,0,0,0,0.6666666666666666,0,1,3,0,0.983782947063446,0.0,0,0,0,0,0,0,0,0,0,0,1,1,3.0,3.0,3.0,0.0,0.0,0.0,3.0,3.0,3.0,0.0,0.0,0.0,0.0,1.0,0.3333333333333333,0.0,false,0,0,1.0,0
4,com.puppycrawl.tools.checkstyle.checks.sizes.MethodCountCheckInput:doNothing14,0,0,0,0,0.6666666666666666,0,1,3,0,0.9873558282852173,0.0,0,0,0,0,0,0,0,0,0,0,1,1,3.0,3.0,3.0,0.0,0.0,0.0,3.0,3.0,3.0,0.0,0.0,0.0,0.0,1.0,0.3333333333333333,0.0,false,0,0,1.0,0
4,com.puppycrawl.tools.checkstyle.checks.sizes.MethodCountCheckInput:doNothing11,0,0,0,0,0.6666666666666666,0,1,3,0,0.9873558282852173,0.0,0,0,0,0,0,0,0,0,0,0,1,1,3.0,3.0,3.0,0.0,0.0,0.0,3.0,3.0,3.0,0.0,0.0,0.0,0.0,1.0,0.3333333333333333,0.0,false,0,0,1.0,0
4,com.puppycrawl.tools.checkstyle.checks.sizes.MethodCountCheckInput:doNothing10,0,0,0,0,0.6666666666666666,0,1,3,0,0.9873558282852173,0.0,0,0,0,0,0,0,0,0,0,0,1,1,3.0,3.0,3.0,0.0,0.0,0.0,3.0,3.0,3.0,0.0,0.0,0.0,0.0,1.0,0.3333333333333333,0.0,false,0,0,1.0,0
4,com.puppycrawl.tools.checkstyle.checks.sizes.MethodCountCheckInput:doNothing13,0,0,0,0,0.6666666666666666,0,1,3,0,0.9873558282852173,0.0,0,0,0,0,0,0,0,0,0,0,1,1,3.0,3.0,3.0,0.0,0.0,0.0,3.0,3.0,3.0,0.0,0.0,0.0,0.0,1.0,0.3333333333333333,0.0,false,0,0,1.0,0
4,com.puppycrawl.tools.checkstyle.checks.sizes.MethodCountCheckInput:doNothing12,0,0,0,0,0.6666666666666666,0,1,3,0,0.9873558282852173,0.0,0,0,0,0,0,0,0,0,0,0,1,1,3.0,3.0,3.0,0.0,0.0,0.0,3.0,3.0,3.0,0.0,0.0,0.0,0.0,1.0,0.3333333333333333,0.0,false,0,0,1.0,0
4,com.puppycrawl.tools.checkstyle.checks.sizes.MethodCountCheckInput:doNothing04,0,0,0,0,0.6666666666666666,0,1,3,0,0.9858286380767822,0.0,0,0,0,0,0,0,0,0,0,0,1,1,3.0,3.0,3.0,0.0,0.0,0.0,3.0,3.0,3.0,0.0,0.0,0.0,0.0,1.0,0.3333333333333333,0.0,false,0,0,1.0,0
4,com.puppycrawl.tools.checkstyle.checks.sizes.MethodCountCheckInput:doNothing03,0,0,0,0,0.6666666666666666,0,1,3,0,0.9858286380767822,0.0,0,0,0,0,0,0,0,0,0,0,1,1,3.0,3.0,3.0,0.0,0.0,0.0,3.0,3.0,3.0,0.0,0.0,0.0,0.0,1.0,0.3333333333333333,0.0,false,0,0,1.0,0
4,com.puppycrawl.tools.checkstyle.checks.naming.AbstractAccessControlNameCheck:setApplyToPackage,0,0,0,1,0.75,0,1,4,0,0.9706794619560242,0.6135719910778963,0,0,0,0,0,0,0,0,0,0,1,1,4.0,4.0,4.0,0.0,0.0,0.0,4.0,4.0,4.0,0.0,0.0,0.0,0.0,1.0,0.25,0.0,false,0,0,1.0,0
4,com.puppycrawl.tools.checkstyle.checks.coding.OneStatementPerLineCheckInput:doIllegal,0,0,0,0,0.4,0,2,5,0,0.9907771348953247,0.5,0,0,0,0,0,0,0,0,0,0,1,1,4.0,4.0,4.0,0.0,0.0,0.0,4.0,4.0,4.0,0.0,0.0,0.0,0.0,1.0,0.25,0.0,false,0,0,1.0,0
4,com.puppycrawl.tools.checkstyle.checks.sizes.MethodCountCheckInput:doNothing31,0,0,0,0,0.6666666666666666,0,1,3,0,0.9866131544113159,0.0,0,0,0,0,0,0,0,0,0,0,1,1,3.0,3.0,3.0,0.0,0.0,0.0,3.0,3.0,3.0,0.0,0.0,0.0,0.0,1.0,0.3333333333333333,0.0,false,0,0,1.0,0
4,com.puppycrawl.tools.checkstyle.checks.sizes.MethodCountCheckInput:doNothing30,0,0,0,0,0.6666666666666666,0,1,3,0,0.9866131544113159,0.0,0,0,0,0,0,0,0,0,0,0,1,1,3.0,3.0,3.0,0.0,0.0,0.0,3.0,3.0,3.0,0.0,0.0,0.0,0.0,1.0,0.3333333333333333,0.0,false,0,0,1.0,0
4,com.puppycrawl.tools.checkstyle.checks.sizes.MethodCountCheckInput:doNothing33,0,0,0,0,0.6666666666666666,0,1,3,0,0.9866131544113159,0.0,0,0,0,0,0,0,0,0,0,0,1,1,3.0,3.0,3.0,0.0,0.0,0.0,3.0,3.0,3.0,0.0,0.0,0.0,0.0,1.0,0.3333333333333333,0.0,false,0,0,1.0,0
4,com.puppycrawl.tools.checkstyle.checks.sizes.MethodCountCheckInput:doNothing32,0,0,0,0,0.6666666666666666,0,1,3,0,0.9866131544113159,0.0,0,0,0,0,0,0,0,0,0,0,1,1,3.0,3.0,3.0,0.0,0.0,0.0,3.0,3.0,3.0,0.0,0.0,0.0,0.0,1.0,0.3333333333333333,0.0,false,0,0,1.0,0
4,com.puppycrawl.tools.checkstyle.checks.sizes.MethodCountCheckInput:doNothing34,0,0,0,0,0.6666666666666666,0,1,3,0,0.9866131544113159,0.0,0,0,0,0,0,0,0,0,0,0,1,1,3.0,3.0,3.0,0.0,0.0,0.0,3.0,3.0,3.0,0.0,0.0,0.0,0.0,1.0,0.3333333333333333,0.0,false,0,0,1.0,0
4,com.puppycrawl.tools.checkstyle.checks.javadoc.JavadocMethodCheck:getAcceptableTokens,2,0,0,0,0.0,0,2,3,0,0.0060861301608383656,0.0,0,0,0,0,0,0,0,0,0,0,2,1,25.0,20.0,12.5,3.0,3.0,1.5,22.0,17.0,11.0,0.0,0.0,0.0,0.0,1.0,0.04,0.07142857142857142,false,0,0,1.0,0
4,com.puppycrawl.tools.checkstyle.checks.naming.AbstractTypeParameterNameCheck:getDefaultTokens,23,0,0,0,0.0,0,2,3,0,0.6660981774330139,0.0,0,0,0,0,0,0,0,0,0,0,1,1,7.0,7.0,7.0,0.0,0.0,0.0,7.0,7.0,7.0,0.0,1.0,0.0,0.0,1.0,0.14285714285714285,0.0,true,0,0,1.0,0
4,com.puppycrawl.tools.checkstyle.grammars.java8.LambdaTest:testWithFewArgWIthTypeOneLine,0,3,0,0,0.0,0,3,5,0,0.4542108476161957,0.0,0,0,0,0,0,0,0,0,0,0,1,1,5.0,5.0,5.0,0.0,0.0,0.0,5.0,5.0,5.0,0.0,0.0,0.0,0.0,1.0,0.2,0.0,false,0,0,1.0,0
4,com.puppycrawl.tools.checkstyle.checks.coding.RedundantThrowsCheck:checkException,1,15,0,2,0.3448275862068966,7,6,29,7,0.0,0.31482813948370036,0,0,0,0,0,0,0,0,1,0,5,4,5.0,1.0,1.0,16.0,8.0,3.2,-11.0,-7.0,-2.2,0.0,2.0,0.0,0.0,0.4,1.0,0.38095238095238093,true,0.4596,1.3646,0,0
4,com.puppycrawl.tools.checkstyle.checks.javadoc.JavadocUtils:getJavadocTags,9,18,0,2,0.078125,11,7,64,11,0.0,0.36520056500530934,0,0,0,0,0,0,0,0,1,0,1,1,3.0,3.0,3.0,0.0,0.0,0.0,3.0,3.0,3.0,0.0,0.0,0.0,0.0,1.0,0.3333333333333333,0.0,true,0.0381,1.5311,0,0
4,com.puppycrawl.tools.checkstyle.checks.duplicates.StrictDuplicateCodeCheckTest:testOverlapping,0,5,0,0,0.0,0,3,9,0,0.0,0.0,0,0,0,0,0,0,0,0,0,0,2,1,16.0,8.0,8.0,0.0,0.0,0.0,16.0,8.0,8.0,0.0,0.0,0.0,0.0,1.0,0.125,0.0,true,0,0,1.0,0
4,com.puppycrawl.tools.checkstyle.checks.duplicates.ChecksumInfo:ChecksumInfo,0,2,0,1,0.21052631578947367,2,3,19,2,8.051496697589755E-4,0.4182509562856521,0,0,0,0,0,0,0,0,0,0,2,1,22.0,22.0,11.0,0.0,0.0,0.0,22.0,22.0,11.0,0.0,2.0,-2.0,-2.0,1.0,0.045454545454545456,0.0,true,0.7217,1.2207,0,0
4,com.puppycrawl.tools.checkstyle.gui.AbstractCellEditor:fireEditingCanceled,0,2,0,0,0.0,2,3,8,2,0.0796445906162262,0.0,0,0,0,0,0,0,0,0,0,0,1,1,2.0,2.0,2.0,0.0,0.0,0.0,2.0,2.0,2.0,0.0,0.0,0.0,0.0,1.0,0.5,0.0,false,0.7217,1.2207,0,0
4,com.puppycrawl.tools.checkstyle.gui.AbstractTreeTableModel:fireTreeStructureChanged,1,2,0,4,0.0,3,3,12,3,0.005251724738627672,0.0,0,0,0,0,0,0,0,0,0,0,2,2,24.0,20.0,12.0,0.0,0.0,0.0,24.0,20.0,12.0,0.0,0.0,0.0,0.0,0.5,0.041666666666666664,0.0,true,0.402,1.2786,0,0
4,com.puppycrawl.tools.checkstyle.checks.javadoc.JavadocMethodCheck:hasShortCircuitTag,1,5,0,2,0.6,2,3,10,2,0.10157227516174316,0.5706644326895116,0,0,0,0,0,0,0,0,0,0,6,3,48.0,41.0,8.0,11.0,8.0,1.8333333333333333,37.0,33.0,6.166666666666667,0.0,0.0,0.0,0.0,0.6666666666666666,0.041666666666666664,0.1016949152542373,true,0,0,4.0,0
4,com.puppycrawl.tools.checkstyle.checks.coding.IllegalInstantiationCheck:getAcceptableTokens,2,0,0,0,0.0,0,2,3,0,0.5037888884544373,0.0,0,0,0,0,0,0,0,0,0,0,2,1,2.0,2.0,1.0,0.0,0.0,0.0,2.0,2.0,1.0,0.0,0.0,0.0,0.0,1.0,0.5,0.0,false,0,0,1.0,0
4,com.puppycrawl.tools.checkstyle.checks.sizes.MethodCountCheckTest:testDefaults,0,3,0,0,0.0,0,3,5,0,0.4148825705051422,0.0,0,0,0,0,0,0,0,0,0,0,2,1,5.0,5.0,2.5,0.0,0.0,0.0,5.0,5.0,2.5,0.0,0.0,0.0,0.0,1.0,0.2,0.0,true,0,0,1.0,0
4,com.puppycrawl.tools.checkstyle.checks.whitespace.WhitespaceAroundCheck:isEmptyMethodBlock,1,1,0,2,1.75,0,4,4,0,0.47527599334716797,0.4390157188876654,0,0,0,0,0,0,0,0,0,0,1,1,4.0,4.0,4.0,0.0,0.0,0.0,4.0,4.0,4.0,0.0,0.0,0.0,0.0,1.0,0.25,0.0,true,0,0,3.0,0
4,com.puppycrawl.tools.checkstyle.checks.naming.AbstractClassNameCheck:setIgnoreName,1,0,0,1,0.75,0,1,4,0,0.9851787686347961,0.7844645405527361,0,0,0,0,0,0,0,0,0,0,1,1,1.0,1.0,1.0,2.0,2.0,2.0,-1.0,-1.0,-1.0,0.0,1.0,0.0,0.0,1.0,1.0,0.6666666666666666,false,0,0,1.0,0
4,com.puppycrawl.tools.checkstyle.gui.AbstractTreeTableModel:fireTreeNodesChanged,0,2,0,4,0.0,3,3,12,3,0.004758403170853853,0.0,0,0,0,0,0,0,0,0,0,0,2,2,24.0,20.0,12.0,0.0,0.0,0.0,24.0,20.0,12.0,0.0,0.0,0.0,0.0,0.5,0.041666666666666664,0.0,true,0.402,1.2786,0,0
4,com.puppycrawl.tools.checkstyle.checks.coding.OneStatementPerLineCheckInput:doIllegalSmallTalk2,0,3,0,0,0.4,0,1,5,0,0.6810663938522339,0.19245008972987526,0,0,0,0,0,0,0,0,0,0,1,1,4.0,4.0,4.0,0.0,0.0,0.0,4.0,4.0,4.0,0.0,0.0,0.0,0.0,1.0,0.25,0.0,false,0,0,1.0,0
4,com.puppycrawl.tools.checkstyle.checks.javadoc.InputTags1:method4,0,0,0,1,0.75,0,2,4,0,0.9895470142364502,0.0,0,0,0,0,0,0,0,0,0,0,1,1,0.0,0.0,0.0,0.0,0.0,0.0,0.0,0.0,0.0,0.0,0.0,0.0,0.0,1.0,0.0,0.0,true,0,0,1.0,0
4,com.puppycrawl.tools.checkstyle.checks.naming.AbstractClassNameCheck:setIgnoreModifier,0,0,0,1,0.75,0,3,4,0,0.9728717803955078,0.6405126152203486,0,0,0,0,0,0,0,0,0,0,1,1,1.0,1.0,1.0,2.0,2.0,2.0,-1.0,-1.0,-1.0,0.0,1.0,0.0,0.0,1.0,1.0,0.6666666666666666,false,0,0,1.0,0
4,com.puppycrawl.tools.checkstyle.checks.naming.AbstractAccessControlNameCheck:getApplyToPublic,0,0,0,0,0.5,0,3,4,0,0.9100748896598816,0.0,0,0,0,0,0,0,0,0,0,0,1,1,4.0,4.0,4.0,0.0,0.0,0.0,4.0,4.0,4.0,0.0,0.0,0.0,0.0,1.0,0.25,0.0,false,0,0,1.0,0
4,com.puppycrawl.tools.checkstyle.gui.JTreeTable:getEditingRow,0,1,0,0,0.0,0,2,4,0,0.728557825088501,0.0,0,0,0,0,0,0,0,0,0,0,2,1,1.0,1.0,0.5,0.0,0.0,0.0,1.0,1.0,0.5,0.0,0.0,0.0,0.0,1.0,1.0,0.0,true,0,0,2.0,0
4,com.puppycrawl.tools.checkstyle.checks.coding.OneStatementPerLineCheckInput:doIllegalSmallTalk,0,3,0,0,0.4,0,1,5,0,0.6803694367408752,0.19245008972987526,0,0,0,0,0,0,0,0,0,0,1,1,4.0,4.0,4.0,0.0,0.0,0.0,4.0,4.0,4.0,0.0,0.0,0.0,0.0,1.0,0.25,0.0,false,0,0,1.0,0
4,com.puppycrawl.tools.checkstyle.checks.javadoc.JavadocMethodCheck:shouldCheck,4,2,0,2,1.0,0,3,5,0,0.65321946144104,0.35493233751274106,0,0,0,0,0,0,0,0,1,0,1,1,41.0,41.0,41.0,8.0,8.0,8.0,33.0,33.0,33.0,0.0,0.0,0.0,0.0,1.0,0.024390243902439025,0.04081632653061224,false,0,0,6.0,0
4,com.puppycrawl.tools.checkstyle.checks.coding.OneStatementPerLineCheckInput:doLegalComment,0,0,0,0,0.4,0,2,5,0,0.9852928519248962,0.26726124191242434,0,0,0,0,0,0,0,0,0,0,1,1,4.0,4.0,4.0,0.0,0.0,0.0,4.0,4.0,4.0,0.0,0.0,0.0,0.0,1.0,0.25,0.0,false,0,0,1.0,0
4,com.puppycrawl.tools.checkstyle.gui.JTreeTable:setRowHeight,2,2,0,1,0.2857142857142857,1,3,7,1,0.6704562902450562,0.6984538909891174,0,0,0,0,0,0,0,0,0,0,2,1,1.0,1.0,0.5,0.0,0.0,0.0,1.0,1.0,0.5,0.0,0.0,0.0,0.0,1.0,1.0,0.0,true,0,0,3.0,0
4,com.puppycrawl.tools.checkstyle.checks.blocks.RightCurlyCheck:setShouldStartLine,0,0,0,1,0.75,0,2,4,0,0.9796748757362366,0.3202563076101743,0,0,0,0,0,0,0,0,0,0,1,1,10.0,10.0,10.0,0.0,0.0,0.0,10.0,10.0,10.0,0.0,0.0,0.0,0.0,1.0,0.1,0.0,true,0,0,1.0,0
4,com.puppycrawl.tools.checkstyle.gui.AbstractTreeTableModel:fireTreeNodesRemoved,0,2,0,4,0.0,3,3,12,3,0.004242255352437496,0.0,0,0,0,0,0,0,0,0,0,0,2,2,24.0,20.0,12.0,0.0,0.0,0.0,24.0,20.0,12.0,0.0,0.0,0.0,0.0,0.5,0.041666666666666664,0.0,true,0.402,1.2786,0,0
4,com.puppycrawl.tools.checkstyle.checks.design.OneTopLevelClassCheck:getDefaultTokens,23,0,0,0,0.0,0,2,3,0,0.6127561926841736,0.0,0,0,0,0,0,0,0,0,0,0,1,1,15.0,15.0,15.0,0.0,0.0,0.0,15.0,15.0,15.0,0.0,2.0,-1.0,-1.0,1.0,0.06666666666666667,0.0,true,0,0,1.0,0
4,com.puppycrawl.tools.checkstyle.doclets.TokenTypesDoclet:start,10,15,0,1,0.2,6,6,30,5,0.0010195423383265734,0.24218118925822388,0,0,0,0,0,0,0,0,1,0,4,1,6.0,2.0,1.5,0.0,0.0,0.0,6.0,2.0,1.5,0.0,0.0,0.0,0.0,1.0,0.3333333333333333,0.0,true,0.1468,1.4036,0,0
4,com.puppycrawl.tools.checkstyle.checks.coding.IllegalInstantiationCheck:getRequiredTokens,8,0,0,0,0.0,0,2,3,0,0.004962211009114981,0.0,0,0,0,0,0,0,0,0,0,0,2,1,2.0,2.0,1.0,0.0,0.0,0.0,2.0,2.0,1.0,0.0,0.0,0.0,0.0,1.0,0.5,0.0,false,0,0,1.0,0
4,com.puppycrawl.tools.checkstyle.checks.whitespace.OperatorWrapCheck:OperatorWrapCheck,0,0,0,0,0.5,0,1,4,0,0.6325861215591431,0.6708203932499369,0,0,0,0,0,0,0,0,0,0,2,2,2.0,1.0,1.0,0.0,0.0,0.0,2.0,1.0,1.0,0.0,0.0,0.0,0.0,0.5,1.0,0.0,true,0,0,1.0,0
4,com.puppycrawl.tools.checkstyle.checks.javadoc.BadCls:m,0,0,0,0,0.0,0,2,2,0,0.978851854801178,1.0,0,0,0,0,0,0,0,0,0,0,1,1,2.0,2.0,2.0,0.0,0.0,0.0,2.0,2.0,2.0,0.0,0.0,0.0,0.0,1.0,0.5,0.0,true,0,0,1.0,0
4,com.puppycrawl.tools.checkstyle.checks.coding.IllegalTypeCheckTest:testDefaults,0,2,0,0,0.0,0,4,4,0,0.0,0.0,0,0,0,0,0,0,0,0,0,0,1,1,3.0,3.0,3.0,1.0,1.0,1.0,2.0,2.0,2.0,0.0,0.0,0.0,0.0,1.0,0.3333333333333333,0.5,true,0,0,1.0,0
4,com.puppycrawl.tools.checkstyle.checks.whitespace.WhitespaceAroundCheck:setAllowEmptyTypes,0,0,0,1,0.75,0,1,4,0,0.9729412198066711,0.5004345937369794,0,0,0,0,0,0,0,0,0,0,1,1,4.0,4.0,4.0,0.0,0.0,0.0,4.0,4.0,4.0,0.0,0.0,0.0,0.0,1.0,0.25,0.0,true,0,0,1.0,0
4,com.puppycrawl.tools.checkstyle.checks.coding.RedundantThrowsCheck:processAST,1,7,0,1,0.0,3,4,14,3,0.019614756107330322,0.0,0,0,0,0,0,0,0,0,1,0,4,1,4.0,2.0,1.0,0.0,0.0,0.0,4.0,2.0,1.0,0.0,0.0,0.0,0.0,1.0,0.5,0.0,false,0.2898,1.2906,0,0
4,com.puppycrawl.tools.checkstyle.checks.javadoc.JavadocMethodCheck:getMethodTags,1,10,0,1,0.06666666666666667,17,8,75,17,0.0,0.2821619264385133,0,0,0,0,0,0,0,0,0,0,3,1,11.0,5.0,3.6666666666666665,3.0,3.0,1.0,8.0,2.0,2.6666666666666665,0.0,0.0,0.0,0.0,1.0,0.18181818181818182,0.2857142857142857,false,0.0505,1.4592,0,0
4,com.puppycrawl.tools.checkstyle.checks.naming.AbstractClassNameCheck:visitToken,1,2,0,1,0.0,1,2,5,1,0.5817425847053528,0.0,0,0,0,0,0,0,0,0,0,0,3,1,1.0,1.0,0.3333333333333333,2.0,2.0,0.6666666666666666,-1.0,-1.0,-0.3333333333333333,0.0,1.0,0.0,0.0,1.0,2.0,1.3333333333333333,true,0,0,2.0,0
4,com.puppycrawl.tools.checkstyle.checks.design.OneTopLevelClassCheck:finishTree,1,8,0,1,0.0,2,4,10,2,7.826557266525924E-4,0.0,0,0,0,0,0,0,0,0,1,0,1,1,15.0,15.0,15.0,0.0,0.0,0.0,15.0,15.0,15.0,0.0,2.0,-1.0,-1.0,1.0,0.06666666666666667,0.0,true,0,0,1.5,1
4,com.puppycrawl.tools.checkstyle.grammars.java8.LambdaTest:testWithOneArgWIthoutTypeFullBody,0,3,0,0,0.0,0,3,5,0,0.510890543460846,0.0,0,0,0,0,0,0,0,0,0,0,1,1,5.0,5.0,5.0,0.0,0.0,0.0,5.0,5.0,5.0,0.0,0.0,0.0,0.0,1.0,0.2,0.0,false,0,0,1.0,0
4,com.puppycrawl.tools.checkstyle.grammars.java8.LambdaTest:testWithOneArgWIthoutParenthesesWithoutTypeOneLineBody,0,3,0,0,0.0,0,3,5,0,0.6004446744918823,0.0,0,0,0,0,0,0,0,0,0,0,1,1,5.0,5.0,5.0,0.0,0.0,0.0,5.0,5.0,5.0,0.0,0.0,0.0,0.0,1.0,0.2,0.0,false,0,0,1.0,0
4,com.puppycrawl.tools.checkstyle.checks.blocks.EmptyBlockCheck:EmptyBlockCheck,0,0,0,0,0.5,0,1,4,0,0.6220279335975647,0.26726124191242434,0,0,0,0,0,0,0,0,0,0,1,1,1.0,1.0,1.0,0.0,0.0,0.0,1.0,1.0,1.0,0.0,0.0,0.0,0.0,1.0,1.0,0.0,false,0,0,1.0,0
4,com.puppycrawl.tools.checkstyle.checks.naming.MethodNameCheck:visitToken,1,7,0,1,0.0,2,3,11,2,4.6984496293589473E-4,0.0,0,0,0,0,0,0,0,0,1,0,2,1,11.0,11.0,5.5,0.0,0.0,0.0,11.0,11.0,5.5,0.0,2.0,0.0,0.0,1.0,0.09090909090909091,0.0,true,0,0,4.0,0
4,com.puppycrawl.tools.checkstyle.checks.coding.NestedForDepthCheckTest:testNestedTooDeep,0,4,0,0,1.0,2,4,7,0,7.92324251960963E-4,0.24355400840103245,0,0,0,0,0,0,0,0,0,0,1,1,7.0,7.0,7.0,0.0,0.0,0.0,7.0,7.0,7.0,0.0,0.0,0.0,0.0,1.0,0.14285714285714285,0.0,true,0,0,1.0,0
4,com.puppycrawl.tools.checkstyle.checks.metrics.NPathComplexityCheckTest:testIntegerOverflow,0,6,0,0,0.0,0,4,8,0,0.02157755009829998,0.0,0,0,0,0,0,0,0,0,0,0,2,2,8.0,6.0,4.0,0.0,0.0,0.0,8.0,6.0,4.0,0.0,0.0,0.0,0.0,0.5,0.125,0.0,true,0,0,1.0,0
4,com.puppycrawl.tools.checkstyle.grammars.java8.MethodReferencesTest:testFromSpec,0,3,0,0,0.0,0,3,5,0,0.3911792039871216,0.0,0,0,0,0,0,0,0,0,0,0,1,1,5.0,5.0,5.0,0.0,0.0,0.0,5.0,5.0,5.0,0.0,0.0,0.0,0.0,1.0,0.2,0.0,true,0,0,1.0,0
4,com.puppycrawl.tools.checkstyle.checks.blocks.RightCurlyCheck:visitToken,1,16,0,1,0.0,24,9,97,2,0.0,0.0,0,0,0,0,0,0,0,0,0,0,9,3,147.0,74.0,16.333333333333332,0.0,0.0,0.0,147.0,74.0,16.333333333333332,0.0,2.0,0.0,0.0,0.5555555555555556,0.013605442176870748,0.0,true,0,0,1342.0,0
4,com.puppycrawl.tools.checkstyle.doclets.CheckDocsDoclet:removeOpeningParagraphTag,1,4,0,1,0.375,1,3,8,1,0.0873592272400856,0.5284981975632331,0,0,0,0,0,0,0,0,0,0,1,1,0.0,0.0,0.0,0.0,0.0,0.0,0.0,0.0,0.0,0.0,0.0,0.0,0.0,1.0,0.0,0.0,false,0,0,3.0,0
4,com.puppycrawl.tools.checkstyle.gui.AbstractCellEditor:fireEditingStopped,0,2,0,0,0.0,2,3,8,2,0.08710872381925583,0.0,0,0,0,0,0,0,0,0,0,0,1,1,2.0,2.0,2.0,0.0,0.0,0.0,2.0,2.0,2.0,0.0,0.0,0.0,0.0,1.0,0.5,0.0,false,0.7217,1.2207,0,0
4,com.puppycrawl.tools.checkstyle.doclets.TokenTypesDoclet:validOptions,0,2,0,2,0.2777777777777778,4,4,18,4,0.06522585451602936,0.28252896560880664,0,0,0,0,0,0,0,0,0,0,2,1,4.0,2.0,2.0,0.0,0.0,0.0,4.0,2.0,2.0,0.0,0.0,0.0,0.0,1.0,0.5,0.0,false,1.7761,1.1939,0,0
4,com.puppycrawl.tools.checkstyle.checks.whitespace.WhitespaceAroundCheck:isEmptyCtorBlock,1,1,0,2,1.75,0,4,4,0,0.47099119424819946,0.43383442543698214,0,0,0,0,0,0,0,0,0,0,1,1,4.0,4.0,4.0,0.0,0.0,0.0,4.0,4.0,4.0,0.0,0.0,0.0,0.0,1.0,0.25,0.0,true,0,0,3.0,0
4,com.puppycrawl.tools.checkstyle.checks.coding.IllegalTypeCheckTest:setUp,0,1,0,0,0.0,0,2,3,0,0.3333057761192322,0.0,0,0,0,0,0,0,0,0,0,0,1,1,3.0,3.0,3.0,1.0,1.0,1.0,2.0,2.0,2.0,0.0,0.0,0.0,0.0,1.0,0.3333333333333333,0.5,true,0,0,1.0,0
4,com.puppycrawl.tools.checkstyle.checks.coding.IllegalInstantiationCheck:visitToken,1,5,0,1,0.0,4,4,18,0,0.02925191819667816,0.0,0,0,0,0,0,0,0,0,0,0,2,1,2.0,2.0,1.0,0.0,0.0,0.0,2.0,2.0,1.0,0.0,0.0,0.0,0.0,1.0,0.5,0.0,false,0,0,5.0,0
4,com.puppycrawl.tools.checkstyle.grammars.java8.LambdaTest:testWIthMultilineBody,0,3,0,0,0.0,0,3,5,0,0.4365573823451996,0.0,0,0,0,0,0,0,0,0,0,0,1,1,5.0,5.0,5.0,0.0,0.0,0.0,5.0,5.0,5.0,0.0,0.0,0.0,0.0,1.0,0.2,0.0,false,0,0,1.0,0
4,com.puppycrawl.tools.checkstyle.doclets.CheckDocsDoclet:start,10,16,0,1,0.18518518518518517,3,6,27,3,0.0,0.032957562162865627,0,0,0,0,0,0,0,0,0,0,4,3,1.0,1.0,0.25,1.0,1.0,0.25,0.0,0.0,0.0,0.0,0.0,0.0,0.0,0.5,3.0,3.0,true,0.2261,1.3745,0,0
4,com.puppycrawl.tools.checkstyle.doclets.CheckDocsDoclet:CheckDocsDoclet,0,0,0,0,0.6666666666666666,0,1,3,0,0.9496513605117798,0.0,0,0,0,0,0,0,0,0,0,0,2,1,6.0,3.0,3.0,0.0,0.0,0.0,6.0,3.0,3.0,0.0,0.0,0.0,0.0,1.0,0.3333333333333333,0.0,false,0,0,1.0,0
4,com.puppycrawl.tools.checkstyle.checks.coding.OneStatementPerLineCheckInput:doLegalString,0,1,0,0,0.3333333333333333,0,2,6,0,0.9320133924484253,0.22360679774997896,0,0,0,0,0,0,0,0,0,0,1,1,4.0,4.0,4.0,0.0,0.0,0.0,4.0,4.0,4.0,0.0,0.0,0.0,0.0,1.0,0.25,0.0,false,0,0,1.0,0
4,com.puppycrawl.tools.checkstyle.checks.javadoc.JavadocMethodCheck:getParameters,6,6,0,1,0.2857142857142857,2,5,14,2,0.0460566021502018,0.2923064111077339,0,0,0,0,0,0,0,0,0,0,3,1,9.0,5.0,3.0,3.0,3.0,1.0,6.0,2.0,2.0,0.0,0.0,0.0,0.0,1.0,0.1111111111111111,0.25,false,0.7217,1.2207,0,0
4,com.puppycrawl.tools.checkstyle.checks.blocks.RightCurlyCheck:RightCurlyCheck,0,0,0,0,0.5,0,1,4,0,0.47954902052879333,0.8340576562282991,0,0,0,0,0,0,0,0,0,0,1,1,1.0,1.0,1.0,0.0,0.0,0.0,1.0,1.0,1.0,0.0,0.0,0.0,0.0,1.0,1.0,0.0,false,0,0,1.0,0
4,com.puppycrawl.tools.checkstyle.checks.naming.MethodNameCheck:setAllowClassName,0,0,0,1,0.75,0,2,4,0,0.9145916104316711,0.7724872793364282,0,0,0,0,0,0,0,0,0,0,1,1,11.0,11.0,11.0,0.0,0.0,0.0,11.0,11.0,11.0,0.0,2.0,0.0,0.0,1.0,0.09090909090909091,0.0,true,0,0,1.0,0
4,com.puppycrawl.tools.checkstyle.checks.coding.IllegalTypeCheckTest:testFormat,0,3,0,0,0.0,0,5,5,0,0.0,0.0,0,0,0,0,0,0,0,0,0,0,1,1,3.0,3.0,3.0,1.0,1.0,1.0,2.0,2.0,2.0,0.0,0.0,0.0,0.0,1.0,0.3333333333333333,0.5,true,0,0,1.0,0
4,com.puppycrawl.tools.checkstyle.checks.javadoc.JavadocMethodCheck:checkComment,2,15,0,2,0.15384615384615385,6,6,26,6,8.405912667512894E-4,0.24595062420801722,0,0,0,0,0,0,0,0,0,0,4,3,48.0,41.0,12.0,11.0,8.0,2.75,37.0,33.0,9.25,0.0,0.0,0.0,0.0,0.5,0.041666666666666664,0.06779661016949153,true,4.5514,1.2207,0,0
4,com.puppycrawl.tools.checkstyle.checks.sizes.MethodCountCheckTest:testEnum,0,4,0,0,0.0,0,3,7,0,7.887670653872192E-4,0.0,0,0,0,0,0,0,0,0,0,0,1,1,7.0,7.0,7.0,0.0,0.0,0.0,7.0,7.0,7.0,0.0,0.0,0.0,0.0,1.0,0.14285714285714285,0.0,false,0,0,1.0,0
4,com.puppycrawl.tools.checkstyle.checks.annotation.MissingOverrideCheck:visitToken,1,11,0,1,0.1111111111111111,4,5,18,4,1.065390242729336E-4,0.07018624063435963,0,0,0,0,0,0,0,0,1,0,2,2,5.0,4.0,2.5,0.0,0.0,0.0,5.0,4.0,2.5,0.0,0.0,0.0,0.0,0.5,0.2,0.0,true,0,0,23.0,0
4,com.puppycrawl.tools.checkstyle.checks.naming.AbstractAccessControlNameCheck:mustCheckName,1,1,0,1,0.0,0,2,3,0,0.8904922008514404,0.0,0,0,0,0,0,0,0,0,0,0,1,1,4.0,4.0,4.0,0.0,0.0,0.0,4.0,4.0,4.0,0.0,0.0,0.0,0.0,1.0,0.25,0.0,false,0,0,1.0,0
4,com.puppycrawl.tools.checkstyle.checks.blocks.RightCurlyCheck:getDefaultTokens,23,0,0,0,0.0,0,2,3,0,0.0,0.0,0,0,0,0,0,0,0,0,0,0,3,2,10.0,10.0,3.3333333333333335,0.0,0.0,0.0,10.0,10.0,3.3333333333333335,0.0,0.0,0.0,0.0,0.6666666666666666,0.2,0.0,true,0,0,1.0,0
4,com.puppycrawl.tools.checkstyle.doclets.CheckDocsDoclet:getCheckName,2,4,0,1,0.4166666666666667,1,5,12,1,0.12600935995578766,0.644999908152387,0,0,0,0,0,0,0,0,0,0,1,1,10.0,10.0,10.0,0.0,0.0,0.0,10.0,10.0,10.0,0.0,1.0,-1.0,-1.0,1.0,0.1,0.0,false,0,0,2.0,0
4,com.puppycrawl.tools.checkstyle.checks.annotation.MissingOverrideCheck:getDefaultTokens,23,1,0,0,0.5,0,2,4,0,0.8891347050666809,0.0,0,0,0,0,0,0,0,0,0,0,1,1,4.0,4.0,4.0,0.0,0.0,0.0,4.0,4.0,4.0,0.0,0.0,0.0,0.0,1.0,0.25,0.0,true,0,0,1.0,0
4,com.puppycrawl.tools.checkstyle.checks.naming.AbstractTypeParameterNameCheck:mustCheckName,1,2,0,1,0.0,1,3,7,1,0.09337880462408066,0.0,0,0,0,0,0,0,0,0,0,0,1,1,7.0,7.0,7.0,0.0,0.0,0.0,7.0,7.0,7.0,0.0,1.0,0.0,0.0,1.0,0.14285714285714285,0.0,true,0,0,4.0,0
4,com.puppycrawl.tools.checkstyle.checks.naming.AbstractAccessControlNameCheck:setApplyToPrivate,0,0,0,1,0.75,0,1,4,0,0.9706794619560242,0.6135719910778963,0,0,0,0,0,0,0,0,0,0,1,1,4.0,4.0,4.0,0.0,0.0,0.0,4.0,4.0,4.0,0.0,0.0,0.0,0.0,1.0,0.25,0.0,false,0,0,1.0,0
4,com.puppycrawl.tools.checkstyle.gui.JTreeTable:updateUI,1,2,0,0,0.5,1,3,8,1,0.043440207839012146,0.3121952705272313,0,0,0,0,0,0,0,0,1,0,1,1,0.0,0.0,0.0,0.0,0.0,0.0,0.0,0.0,0.0,0.0,0.0,0.0,0.0,1.0,0.0,0.0,true,0,0,2.0,0
4,com.puppycrawl.tools.checkstyle.checks.naming.AbstractAccessControlNameCheck:getApplyToPrivate,0,0,0,0,0.5,0,3,4,0,0.8875269889831543,0.0,0,0,0,0,0,0,0,0,0,0,1,1,4.0,4.0,4.0,0.0,0.0,0.0,4.0,4.0,4.0,0.0,0.0,0.0,0.0,1.0,0.25,0.0,false,0,0,1.0,0
4,com.puppycrawl.tools.checkstyle.doclets.CheckDocsDoclet:getDestDir,1,1,0,1,0.4444444444444444,2,4,9,2,0.711679995059967,0.3187276291558383,0,0,0,0,0,0,0,0,0,0,2,1,2.0,1.0,1.0,1.0,1.0,0.5,1.0,0.0,0.5,0.0,0.0,0.0,0.0,1.0,1.0,1.0,false,0,0,0.6667,1
4,com.puppycrawl.tools.checkstyle.checks.javadoc.JavadocUtils:JavadocUtils,0,0,0,0,0.6666666666666666,0,1,3,0,0.9809829592704773,0.0,0,0,0,0,0,0,0,0,0,0,1,1,3.0,3.0,3.0,0.0,0.0,0.0,3.0,3.0,3.0,0.0,0.0,0.0,0.0,1.0,0.3333333333333333,0.0,true,0,0,1.0,0
4,com.puppycrawl.tools.checkstyle.checks.coding.IllegalInstantiationCheck:getIllegalInstantiation,1,11,0,1,0.10416666666666667,10,7,48,10,0.0,0.5413860491829592,0,0,0,0,0,0,0,0,1,0,3,1,3.0,2.0,1.0,0.0,0.0,0.0,3.0,2.0,1.0,0.0,0.0,0.0,0.0,1.0,0.3333333333333333,0.0,false,0.2207,1.5059,0,0
4,com.puppycrawl.tools.checkstyle.checks.whitespace.WhitespaceAroundCheck:setAllowEmptyLoops,0,0,0,1,0.75,0,1,4,0,0.9713809490203857,0.6110100926607788,0,0,0,0,0,0,0,0,0,0,1,1,4.0,4.0,4.0,0.0,0.0,0.0,4.0,4.0,4.0,0.0,0.0,0.0,0.0,1.0,0.25,0.0,true,0,0,1.0,0
4,com.puppycrawl.tools.checkstyle.checks.coding.OneStatementPerLineCheckInput:doIllegal2,0,0,0,0,0.6,0,1,5,0,0.989987850189209,0.0,0,0,0,0,0,0,0,0,0,0,1,1,4.0,4.0,4.0,0.0,0.0,0.0,4.0,4.0,4.0,0.0,0.0,0.0,0.0,1.0,0.25,0.0,false,0,0,1.0,0
4,com.puppycrawl.tools.checkstyle.checks.coding.IllegalInstantiationCheck:postprocessLiteralNew,1,9,0,1,0.25,2,4,16,2,0.024759449064731598,0.1995059687802532,0,0,0,0,0,0,0,0,0,0,2,1,1.0,1.0,0.5,0.0,0.0,0.0,1.0,1.0,0.5,0.0,0.0,0.0,0.0,1.0,1.0,0.0,false,0,0,5.0,0
4,com.puppycrawl.tools.checkstyle.checks.blocks.RightCurlyCheck:isEmptyBody,1,4,0,1,0.3076923076923077,3,4,13,3,0.21629339456558228,0.22069490362729816,0,0,0,0,0,0,0,0,0,0,1,1,48.0,48.0,48.0,0.0,0.0,0.0,48.0,48.0,48.0,0.0,0.0,0.0,0.0,1.0,0.020833333333333332,0.0,true,0,0,4.0,0
4,com.puppycrawl.tools.checkstyle.gui.AbstractTreeTableModel:AbstractTreeTableModel,0,0,0,1,0.0,0,1,3,0,0.912467360496521,0.0,0,0,0,0,0,0,0,0,0,0,1,1,1.0,1.0,1.0,0.0,0.0,0.0,1.0,1.0,1.0,0.0,0.0,0.0,0.0,1.0,1.0,0.0,true,0,0,1.0,0
4,com.puppycrawl.tools.checkstyle.checks.design.OneTopLevelClassCheck:beginTree,1,7,0,1,0.0,3,4,15,3,6.229347200132906E-4,0.0,0,0,0,0,0,0,0,0,1,0,1,1,15.0,15.0,15.0,0.0,0.0,0.0,15.0,15.0,15.0,0.0,2.0,-1.0,-1.0,1.0,0.06666666666666667,0.0,true,0.1593,1.4032,0,0
4,com.puppycrawl.tools.checkstyle.checks.javadoc.JavadocMethodCheck:setAllowedAnnotations,0,2,0,1,0.375,1,2,8,1,0.13442765176296234,0.6444022325288263,0,0,0,0,0,0,0,0,0,0,1,1,80.0,80.0,80.0,24.0,24.0,24.0,56.0,56.0,56.0,0.0,1.0,0.0,0.0,1.0,0.0125,0.019230769230769232,true,0,0,0.5,1
4,com.puppycrawl.tools.checkstyle.checks.blocks.EmptyBlockCheck:visitToken,1,10,0,1,0.0,5,4,21,5,1.5907437773421407E-4,0.0,0,0,0,0,0,0,0,0,1,0,5,4,21.0,21.0,4.2,10.0,5.0,2.0,11.0,16.0,2.2,0.0,2.0,0.0,0.0,0.4,0.19047619047619047,0.22580645161290322,true,0,0,24.0,0
4,com.puppycrawl.tools.checkstyle.checks.duplicates.ChecksumInfo:hasChecksumOverlapsWith,1,0,0,1,0.22727272727272727,3,6,22,3,0.08016762882471085,0.33331632956698803,0,0,0,0,0,0,0,0,0,0,2,1,22.0,22.0,11.0,0.0,0.0,0.0,22.0,22.0,11.0,0.0,2.0,-2.0,-2.0,1.0,0.045454545454545456,0.0,true,2.3836,1.1347,0,0
4,com.puppycrawl.tools.checkstyle.checks.javadoc.JavadocMethodCheck:isCommentNodesRequired,1,0,0,0,0.0,0,2,3,0,0.5299428105354309,0.0,0,0,0,0,0,0,0,0,0,0,1,1,80.0,80.0,80.0,24.0,24.0,24.0,56.0,56.0,56.0,0.0,1.0,0.0,0.0,1.0,0.0125,0.019230769230769232,true,0,0,1.0,0
4,com.puppycrawl.tools.checkstyle.checks.annotation.MissingOverrideCheck:containsJavadocTag,2,3,0,1,0.2857142857142857,3,4,14,3,0.3609316647052765,0.5378528742004771,0,0,0,0,0,0,0,0,0,0,1,1,4.0,4.0,4.0,0.0,0.0,0.0,4.0,4.0,4.0,0.0,0.0,0.0,0.0,1.0,0.25,0.0,true,0,0,0.6667,1
4,com.puppycrawl.tools.checkstyle.checks.naming.AbstractClassNameCheck:visitClassDef,4,8,0,1,0.25,3,5,12,3,4.0301369153894484E-4,0.20683507599800763,0,0,0,0,0,0,0,0,1,0,3,1,5.0,4.0,1.6666666666666667,2.0,2.0,0.6666666666666666,3.0,2.0,1.0,0.0,1.0,0.0,0.0,1.0,0.2,0.42857142857142855,false,0,0,6.0,0
4,com.puppycrawl.tools.checkstyle.checks.javadoc.JavadocMethodCheck:setValidateThrows,0,0,0,1,0.75,0,2,4,0,0.9767926335334778,0.4444444444444444,0,0,0,0,0,0,0,0,0,0,1,1,80.0,80.0,80.0,24.0,24.0,24.0,56.0,56.0,56.0,0.0,1.0,0.0,0.0,1.0,0.0125,0.019230769230769232,true,0,0,1.0,0
4,com.puppycrawl.tools.checkstyle.checks.javadoc.JavadocMethodCheck:logLoadError,1,4,0,1,0.0,0,1,3,0,0.0,0.0,0,0,0,0,0,0,0,0,1,0,4,1,25.0,20.0,6.25,3.0,3.0,0.75,22.0,17.0,5.5,0.0,0.0,0.0,0.0,1.0,0.08,0.17857142857142858,true,0,0,1.0,0
4,com.puppycrawl.tools.checkstyle.checks.javadoc.JavadocMethodCheck:checkThrowsTags,1,22,0,3,0.1111111111111111,13,7,54,13,0.0,0.3053359839743445,0,0,0,0,0,0,0,0,1,0,9,3,136.0,80.0,15.11111111111111,34.0,24.0,3.7777777777777777,102.0,56.0,11.333333333333332,0.0,2.0,0.0,0.0,0.7777777777777778,0.014705882352941176,0.041176470588235294,true,0.0767,1.4894,0,0
4,com.puppycrawl.tools.checkstyle.checks.blocks.EmptyBlockCheck:hasText,1,8,0,1,0.09090909090909091,6,6,33,6,7.727373740635812E-4,0.46130645315743884,0,0,0,0,0,0,0,0,1,0,2,2,21.0,21.0,10.5,0.0,0.0,0.0,21.0,21.0,10.5,0.0,0.0,0.0,0.0,0.5,0.047619047619047616,0.0,true,0,0,1.3333,1
4,com.puppycrawl.tools.checkstyle.checks.naming.AbstractAccessControlNameCheck:getApplyToProtected,0,0,0,0,0.5,0,3,4,0,0.7920631766319275,0.0,0,0,0,0,0,0,0,0,0,0,1,1,4.0,4.0,4.0,0.0,0.0,0.0,4.0,4.0,4.0,0.0,0.0,0.0,0.0,1.0,0.25,0.0,false,0,0,1.0,0
4,com.puppycrawl.tools.checkstyle.grammars.java8.LambdaTest:testWithFewArgsWithoutTypeFullBody,0,3,0,0,0.0,0,3,5,0,0.5185235738754272,0.0,0,0,0,0,0,0,0,0,0,0,1,1,5.0,5.0,5.0,0.0,0.0,0.0,5.0,5.0,5.0,0.0,0.0,0.0,0.0,1.0,0.2,0.0,false,0,0,1.0,0
4,com.puppycrawl.tools.checkstyle.checks.coding.RedundantThrowsCheck:getDefaultTokens,23,0,0,0,0.0,0,2,3,0,0.0,0.0,0,0,0,0,0,0,0,0,0,0,3,2,1.0,1.0,0.3333333333333333,0.0,0.0,0.0,1.0,1.0,0.3333333333333333,0.0,0.0,0.0,0.0,0.6666666666666666,2.0,0.0,true,0,0,1.0,0
4,com.puppycrawl.tools.checkstyle.checks.javadoc.JavadocMethodCheck:processAST,1,11,0,1,0.0,4,6,18,4,0.0012659848434850574,0.0,0,0,0,0,0,0,0,0,1,0,6,4,148.0,80.0,24.666666666666668,35.0,24.0,5.833333333333333,113.0,56.0,18.833333333333336,0.0,1.0,0.0,0.0,0.5,0.013513513513513514,0.0273224043715847,true,0,0,17.0,0
4,com.puppycrawl.tools.checkstyle.checks.whitespace.WhitespaceAroundCheck:isEmptyBlock,3,3,0,3,1.4444444444444444,1,4,9,1,0.1572282761335373,0.465717003694975,0,0,0,0,0,0,0,0,1,0,2,2,4.0,4.0,2.0,0.0,0.0,0.0,4.0,4.0,2.0,0.0,0.0,0.0,0.0,0.5,0.25,0.0,true,0,0,7.0,0
4,com.puppycrawl.tools.checkstyle.checks.coding.RedundantThrowsCheck:logLoadError,1,4,0,1,0.0,0,2,3,0,1.2103703193133697E-4,0.0,0,0,0,0,0,0,0,0,1,0,3,1,1.0,1.0,0.3333333333333333,0.0,0.0,0.0,1.0,1.0,0.3333333333333333,0.0,0.0,0.0,0.0,1.0,2.0,0.0,false,0,0,1.0,0
4,com.puppycrawl.tools.checkstyle.grammars.java8.LambdaTest:testWithoutArgsFullLambdaBody,0,3,0,0,0.0,0,3,5,0,0.5091652870178223,0.0,0,0,0,0,0,0,0,0,0,0,1,1,5.0,5.0,5.0,0.0,0.0,0.0,5.0,5.0,5.0,0.0,0.0,0.0,0.0,1.0,0.2,0.0,false,0,0,1.0,0
4,com.puppycrawl.tools.checkstyle.checks.javadoc.JavadocMethodCheck:getDefaultTokens,23,0,0,0,0.0,0,2,3,0,0.0,0.0,0,0,0,0,0,0,0,0,0,0,3,2,25.0,20.0,8.333333333333334,3.0,3.0,1.0,22.0,17.0,7.333333333333334,0.0,0.0,0.0,0.0,0.6666666666666666,0.04,0.10714285714285714,true,0,0,1.0,0
4,com.puppycrawl.tools.checkstyle.checks.design.OneTopLevelClassCheck:isPublic,4,1,0,1,0.8,0,3,5,0,0.8723815083503723,0.2721655269759087,0,0,0,0,0,0,0,0,0,0,1,1,15.0,15.0,15.0,0.0,0.0,0.0,15.0,15.0,15.0,0.0,2.0,-1.0,-1.0,1.0,0.06666666666666667,0.0,true,0,0,2.0,0
4,com.puppycrawl.tools.checkstyle.grammars.java8.LambdaTest:testWithOneArgWithFullBody,0,3,0,0,0.0,0,3,5,0,0.4718594253063202,0.0,0,0,0,0,0,0,0,0,0,0,1,1,5.0,5.0,5.0,0.0,0.0,0.0,5.0,5.0,5.0,0.0,0.0,0.0,0.0,1.0,0.2,0.0,false,0,0,1.0,0
4,com.puppycrawl.tools.checkstyle.checks.whitespace.OperatorWrapCheck:visitToken,1,13,0,1,0.0,4,6,19,4,4.613478959072381E-4,0.0,0,0,0,0,0,0,0,0,1,0,6,2,3.0,1.0,0.5,0.0,0.0,0.0,3.0,1.0,0.5,0.0,0.0,0.0,0.0,0.8333333333333334,1.0,0.0,true,0,0,22.0,0
4,com.puppycrawl.tools.checkstyle.checks.annotation.MissingOverrideCheck:setJavaFiveCompatibility,0,0,0,1,3.0,0,2,4,0,0.6865432262420654,0.7610194341477616,0,0,0,0,0,0,0,0,0,0,1,1,4.0,4.0,4.0,0.0,0.0,0.0,4.0,4.0,4.0,0.0,0.0,0.0,0.0,1.0,0.25,0.0,true,0,0,1.0,0
4,com.puppycrawl.tools.checkstyle.doclets.CheckDocsDoclet:getDescription,1,5,0,1,0.4,1,3,10,1,0.3913569748401642,0.29259590945650243,0,0,0,0,0,0,0,0,0,0,1,1,1.0,1.0,1.0,0.0,0.0,0.0,1.0,1.0,1.0,0.0,0.0,0.0,0.0,1.0,1.0,0.0,false,0,0,2.0,0
4,com.puppycrawl.tools.checkstyle.checks.coding.IllegalTypeCheckTest:testIgnoreMethodNames,0,3,0,0,0.0,0,4,5,0,0.0,0.0,0,0,0,0,0,0,0,0,0,0,1,1,3.0,3.0,3.0,1.0,1.0,1.0,2.0,2.0,2.0,0.0,0.0,0.0,0.0,1.0,0.3333333333333333,0.5,true,0,0,1.0,0
4,com.puppycrawl.tools.checkstyle.checks.whitespace.SeparatorWrapCheck:getDefaultTokens,23,0,0,0,0.0,0,2,3,0,0.09588657319545746,0.0,0,0,0,0,0,0,0,0,0,0,1,1,15.0,15.0,15.0,0.0,0.0,0.0,15.0,15.0,15.0,0.0,2.0,-1.0,-1.0,1.0,0.06666666666666667,0.0,true,0,0,1.0,0
4,com.puppycrawl.tools.checkstyle.checks.whitespace.OperatorWrapCheck:getAcceptableTokens,2,0,0,0,0.0,0,2,3,0,0.0,0.0,0,0,0,0,0,0,0,0,0,0,3,2,1.0,1.0,0.3333333333333333,0.0,0.0,0.0,1.0,1.0,0.3333333333333333,0.0,0.0,0.0,0.0,0.6666666666666666,2.0,0.0,true,0,0,1.0,0
4,com.puppycrawl.tools.checkstyle.checks.naming.AbstractAccessControlNameCheck:shouldCheckInScope,4,1,0,1,0.36363636363636365,1,4,11,1,0.48338431119918823,0.14048065149458008,0,0,0,0,0,0,0,0,0,0,1,1,4.0,4.0,4.0,0.0,0.0,0.0,4.0,4.0,4.0,0.0,0.0,0.0,0.0,1.0,0.25,0.0,false,0,0,125.0,0
4,com.puppycrawl.tools.checkstyle.checks.coding.OneStatementPerLineCheckInput:appendToSpringBuffer,1,1,0,2,1.0,0,1,4,0,0.912497878074646,0.5292561240249631,0,0,0,0,0,0,0,0,0,0,1,1,4.0,4.0,4.0,0.0,0.0,0.0,4.0,4.0,4.0,0.0,0.0,0.0,0.0,1.0,0.25,0.0,false,0,0,1.0,0
4,com.puppycrawl.tools.checkstyle.checks.duplicates.StrictDuplicateCodeCheckTest:testWhitespaceIsIgnored,0,4,0,0,0.0,0,3,8,0,0.09350007027387619,0.0,0,0,0,0,0,0,0,0,0,0,1,1,8.0,8.0,8.0,0.0,0.0,0.0,8.0,8.0,8.0,0.0,0.0,0.0,0.0,1.0,0.125,0.0,true,0,0,1.0,0
4,com.puppycrawl.tools.checkstyle.checks.annotation.MissingOverrideCheck:getAcceptableTokens,2,1,0,0,0.5,0,2,4,0,0.8558585047721863,0.0,0,0,0,0,0,0,0,0,0,0,1,1,4.0,4.0,4.0,0.0,0.0,0.0,4.0,4.0,4.0,0.0,0.0,0.0,0.0,1.0,0.25,0.0,true,0,0,1.0,0
4,com.puppycrawl.tools.checkstyle.checks.blocks.RightCurlyCheck:getNextToken,1,3,0,1,0.4,1,4,10,1,0.47689470648765564,0.4102689492113958,0,0,0,0,0,0,0,0,0,0,3,2,12.0,10.0,4.0,0.0,0.0,0.0,12.0,10.0,4.0,0.0,0.0,0.0,0.0,0.6666666666666666,0.16666666666666666,0.0,true,0,0,0.6667,1
4,com.puppycrawl.tools.checkstyle.checks.coding.IllegalInstantiationCheck:finishTree,1,1,0,1,0.0,1,2,5,1,0.5162761211395264,0.0,0,0,0,0,0,0,0,0,0,0,3,1,3.0,2.0,1.0,0.0,0.0,0.0,3.0,2.0,1.0,0.0,0.0,0.0,0.0,1.0,0.3333333333333333,0.0,false,0,0,0.5,1
4,com.puppycrawl.tools.checkstyle.checks.coding.IllegalTypeCheckTest:testLegalAbstractClassNames,0,3,0,0,0.0,0,4,5,0,0.0,0.0,0,0,0,0,0,0,0,0,0,0,1,1,3.0,3.0,3.0,1.0,1.0,1.0,2.0,2.0,2.0,0.0,0.0,0.0,0.0,1.0,0.3333333333333333,0.5,true,0,0,1.0,0
4,com.puppycrawl.tools.checkstyle.grammars.java8.MethodReferencesTest:testCanParse,0,3,0,0,0.0,0,3,5,0,0.38392582535743713,0.0,0,0,0,0,0,0,0,0,0,0,2,1,10.0,5.0,5.0,0.0,0.0,0.0,10.0,5.0,5.0,0.0,0.0,0.0,0.0,1.0,0.2,0.0,true,0,0,1.0,0
4,com.puppycrawl.tools.checkstyle.checks.naming.AbstractAccessControlNameCheck:AbstractAccessControlNameCheck,0,0,0,1,0.75,0,2,4,0,0.9635714888572693,0.5103103630798287,0,0,0,0,0,0,0,0,0,0,1,1,4.0,4.0,4.0,0.0,0.0,0.0,4.0,4.0,4.0,0.0,0.0,0.0,0.0,1.0,0.25,0.0,false,0,0,1.0,0
4,com.puppycrawl.tools.checkstyle.checks.blocks.RightCurlyCheck:getAcceptableTokens,2,0,0,0,0.0,0,2,3,0,0.0,0.0,0,0,0,0,0,0,0,0,0,0,2,1,84.0,74.0,42.0,0.0,0.0,0.0,84.0,74.0,42.0,0.0,2.0,0.0,0.0,1.0,0.011904761904761904,0.0,true,0,0,1.0,0
4,com.puppycrawl.tools.checkstyle.checks.blocks.EmptyBlockCheck:getDefaultTokens,23,0,0,0,0.0,0,2,3,0,0.0,0.0,0,0,0,0,0,0,0,0,0,0,3,2,21.0,21.0,7.0,0.0,0.0,0.0,21.0,21.0,7.0,0.0,0.0,0.0,0.0,0.6666666666666666,0.09523809523809523,0.0,true,0,0,1.0,0
4,com.puppycrawl.tools.checkstyle.grammars.java8.LambdaTest:testWithFewArgsWithoutTypeOneLineBody,0,3,0,0,0.0,0,3,5,0,0.5126153826713562,0.0,0,0,0,0,0,0,0,0,0,0,1,1,5.0,5.0,5.0,0.0,0.0,0.0,5.0,5.0,5.0,0.0,0.0,0.0,0.0,1.0,0.2,0.0,false,0,0,1.0,0
4,com.puppycrawl.tools.checkstyle.checks.annotation.MissingOverrideCheck:getRequiredTokens,8,0,0,0,0.5,0,2,4,0,0.9602394104003906,0.0,0,0,0,0,0,0,0,0,0,0,1,1,4.0,4.0,4.0,0.0,0.0,0.0,4.0,4.0,4.0,0.0,0.0,0.0,0.0,1.0,0.25,0.0,true,0,0,1.0,0
4,com.puppycrawl.tools.checkstyle.checks.metrics.NPathComplexityCheckTest:testCalculation,0,4,0,0,0.0,0,3,6,0,0.0,0.0,0,0,0,0,0,0,0,0,1,0,1,1,6.0,6.0,6.0,0.0,0.0,0.0,6.0,6.0,6.0,0.0,0.0,0.0,0.0,1.0,0.16666666666666666,0.0,true,0,0,1.0,0
4,com.puppycrawl.tools.checkstyle.grammars.java8.LambdaTest:testWithOneArgWIthoutTypeOneLineBody,0,3,0,0,0.0,0,3,5,0,0.5049779415130615,0.0,0,0,0,0,0,0,0,0,0,0,1,1,5.0,5.0,5.0,0.0,0.0,0.0,5.0,5.0,5.0,0.0,0.0,0.0,0.0,1.0,0.2,0.0,false,0,0,1.0,0
4,com.puppycrawl.tools.checkstyle.checks.naming.AbstractTypeParameterNameCheck:AbstractTypeParameterNameCheck,0,0,0,1,0.75,0,2,4,0,0.9592993259429932,0.75,0,0,0,0,0,0,0,0,0,0,1,1,7.0,7.0,7.0,0.0,0.0,0.0,7.0,7.0,7.0,0.0,1.0,0.0,0.0,1.0,0.14285714285714285,0.0,true,0,0,5.0,0
4,com.puppycrawl.tools.checkstyle.checks.coding.OneStatementPerLineCheckInput:doLegal,0,0,0,0,0.4,0,1,5,0,0.992175281047821,0.7071067811865475,0,0,0,0,0,0,0,0,0,0,1,1,4.0,4.0,4.0,0.0,0.0,0.0,4.0,4.0,4.0,0.0,0.0,0.0,0.0,1.0,0.25,0.0,false,0,0,1.0,0
4,com.puppycrawl.tools.checkstyle.checks.coding.IllegalInstantiationCheck:beginTree,1,1,0,1,0.0,0,1,7,0,0.2857992947101593,0.0,0,0,0,0,0,0,0,0,0,0,2,1,2.0,2.0,1.0,0.0,0.0,0.0,2.0,2.0,1.0,0.0,0.0,0.0,0.0,1.0,0.5,0.0,false,0,0,1.0,0
4,com.puppycrawl.tools.checkstyle.checks.naming.AbstractClassNameCheck:getRequiredTokens,8,1,0,0,0.0,0,2,3,0,0.6866950392723083,0.0,0,0,0,0,0,0,0,0,0,0,2,1,0.0,0.0,0.0,0.0,0.0,0.0,0.0,0.0,0.0,0.0,0.0,0.0,0.0,1.0,0.0,0.0,true,0,0,1.0,0
4,com.puppycrawl.tools.checkstyle.checks.coding.OneStatementPerLineCheckInput:doLegalForLoop,0,0,0,0,0.3333333333333333,1,2,6,1,0.9746366739273071,0.33333333333333337,0,0,0,0,0,0,0,0,0,0,1,1,4.0,4.0,4.0,0.0,0.0,0.0,4.0,4.0,4.0,0.0,0.0,0.0,0.0,1.0,0.25,0.0,false,0,0,0.5,1
4,com.puppycrawl.tools.checkstyle.checks.whitespace.WhitespaceAroundCheck:isEmptyLoop,1,1,0,2,1.25,0,4,4,0,8.369830320589244E-4,0.44764406397530465,0,0,0,0,0,0,0,0,0,0,1,1,4.0,4.0,4.0,0.0,0.0,0.0,4.0,4.0,4.0,0.0,0.0,0.0,0.0,1.0,0.25,0.0,true,0,0,5.0,0
4,com.puppycrawl.tools.checkstyle.grammars.java8.LambdaTest:testWithOneArgWIthoutParenthesesWithoutTypeFullBody,0,3,0,0,0.0,0,3,5,0,0.6061064600944519,0.0,0,0,0,0,0,0,0,0,0,0,1,1,5.0,5.0,5.0,0.0,0.0,0.0,5.0,5.0,5.0,0.0,0.0,0.0,0.0,1.0,0.2,0.0,false,0,0,1.0,0
4,com.puppycrawl.tools.checkstyle.grammars.java8.LambdaTest:testLambdaInVariableInitialization,0,3,0,0,0.0,0,3,5,0,0.532901406288147,0.0,0,0,0,0,0,0,0,0,0,0,1,1,5.0,5.0,5.0,0.0,0.0,0.0,5.0,5.0,5.0,0.0,0.0,0.0,0.0,1.0,0.2,0.0,false,0,0,1.0,0
4,com.puppycrawl.tools.checkstyle.checks.whitespace.SeparatorWrapCheck:visitToken,1,9,0,1,0.0,2,5,15,2,4.0684311534278095E-4,0.0,0,0,0,0,0,0,0,0,0,0,1,1,15.0,15.0,15.0,0.0,0.0,0.0,15.0,15.0,15.0,0.0,2.0,-1.0,-1.0,1.0,0.06666666666666667,0.0,true,0,0,7.0,0
4,com.puppycrawl.tools.checkstyle.checks.whitespace.SeparatorWrapCheck:SeparatorWrapCheck,0,0,0,0,0.5,0,1,4,0,0.6090938448905945,0.5103103630798288,0,0,0,0,0,0,0,0,0,0,1,1,15.0,15.0,15.0,0.0,0.0,0.0,15.0,15.0,15.0,0.0,2.0,-1.0,-1.0,1.0,0.06666666666666667,0.0,true,0,0,1.0,0
4,com.puppycrawl.tools.checkstyle.checks.naming.AbstractAccessControlNameCheck:getApplyToPackage,0,0,0,0,0.5,0,3,4,0,0.8875269889831543,0.0,0,0,0,0,0,0,0,0,0,0,1,1,4.0,4.0,4.0,0.0,0.0,0.0,4.0,4.0,4.0,0.0,0.0,0.0,0.0,1.0,0.25,0.0,false,0,0,1.0,0
4,com.puppycrawl.tools.checkstyle.checks.coding.OneStatementPerLineCheckTest:testMultiCaseClass,0,3,0,0,0.0,0,3,5,0,0.021103600040078163,0.0,0,0,0,0,0,0,0,0,0,0,1,1,5.0,5.0,5.0,0.0,0.0,0.0,5.0,5.0,5.0,0.0,0.0,0.0,0.0,1.0,0.2,0.0,false,0,0,1.0,0
4,com.puppycrawl.tools.checkstyle.checks.whitespace.WhitespaceAroundCheck:visitToken,1,15,0,1,0.0,11,6,41,11,0.0,0.0,0,0,0,0,0,0,0,0,1,0,2,2,4.0,4.0,2.0,0.0,0.0,0.0,4.0,4.0,2.0,0.0,0.0,0.0,0.0,0.5,0.25,0.0,true,0,0,3433.0,0
4,com.puppycrawl.tools.checkstyle.checks.duplicates.ChecksumInfo:findLinesWithChecksum,1,2,0,1,0.19047619047619047,4,6,21,4,0.025344494730234146,0.29721504670685484,0,0,0,0,0,0,0,0,0,0,2,1,22.0,22.0,11.0,0.0,0.0,0.0,22.0,22.0,11.0,0.0,2.0,-2.0,-2.0,1.0,0.045454545454545456,0.0,true,0,0,0.037,3.0
4,com.puppycrawl.tools.checkstyle.grammars.java8.LambdaTest:testWithFewArgWithTypeFullBody,0,3,0,0,0.0,0,3,5,0,0.49055716395378113,0.0,0,0,0,0,0,0,0,0,0,0,1,1,5.0,5.0,5.0,0.0,0.0,0.0,5.0,5.0,5.0,0.0,0.0,0.0,0.0,1.0,0.2,0.0,false,0,0,1.0,0
4,com.puppycrawl.tools.checkstyle.grammars.java8.LambdaTest:testWithoutArgsOneLineLambdaBody,0,3,0,0,0.0,0,3,5,0,0.5032522678375244,0.0,0,0,0,0,0,0,0,0,0,0,1,1,5.0,5.0,5.0,0.0,0.0,0.0,5.0,5.0,5.0,0.0,0.0,0.0,0.0,1.0,0.2,0.0,false,0,0,1.0,0
4,com.puppycrawl.tools.checkstyle.checks.coding.IllegalInstantiationCheck:getDefaultTokens,23,0,0,0,0.0,0,2,3,0,1.7245920025743544E-4,0.0,0,0,0,0,0,0,0,0,0,0,2,1,2.0,2.0,1.0,0.0,0.0,0.0,2.0,2.0,1.0,0.0,0.0,0.0,0.0,1.0,0.5,0.0,false,0,0,1.0,0
4,com.puppycrawl.tools.checkstyle.checks.javadoc.JavadocMethodCheck:hasAllowedAnnotations,1,5,0,1,0.25,3,5,16,3,0.005454586818814278,0.02455143080701182,0,0,0,0,0,0,0,0,1,0,1,1,80.0,80.0,80.0,24.0,24.0,24.0,56.0,56.0,56.0,0.0,1.0,0.0,0.0,1.0,0.0125,0.019230769230769232,true,2.9439,1.1347,0,0
4,com.puppycrawl.tools.checkstyle.checks.coding.IllegalInstantiationCheck:processLiteralNew,1,3,0,1,0.42857142857142855,1,3,7,1,0.7031114101409912,0.4535573676110727,0,0,0,0,0,0,0,0,0,0,1,1,4.0,4.0,4.0,0.0,0.0,0.0,4.0,4.0,4.0,0.0,1.0,0.0,0.0,1.0,0.25,0.0,true,0,0,2.0,0
4,com.puppycrawl.tools.checkstyle.checks.whitespace.SeparatorWrapCheck:getAcceptableTokens,2,0,0,0,0.0,0,2,3,0,0.0,0.0,0,0,0,0,0,0,0,0,0,0,1,1,15.0,15.0,15.0,0.0,0.0,0.0,15.0,15.0,15.0,0.0,2.0,-1.0,-1.0,1.0,0.06666666666666667,0.0,true,0,0,1.0,0
4,com.puppycrawl.tools.checkstyle.checks.javadoc.JavadocMethodCheck:checkReturnTag,1,9,0,3,0.3888888888888889,4,6,18,4,0.010555834509432316,0.5854842860159326,0,0,0,0,0,0,0,0,1,0,2,1,5.0,5.0,2.5,3.0,3.0,1.5,2.0,2.0,1.0,0.0,0.0,0.0,0.0,1.0,0.2,0.25,true,0.9031,1.2786,0,0
4,com.puppycrawl.tools.checkstyle.gui.JTreeTable:setEditor,1,0,0,1,0.0,0,1,3,0,0.7056607604026794,0.0,0,0,0,0,0,0,0,0,0,0,1,1,3.0,3.0,3.0,0.0,0.0,0.0,3.0,3.0,3.0,0.0,0.0,0.0,0.0,1.0,0.3333333333333333,0.0,false,0,0,1.0,0
4,com.puppycrawl.tools.checkstyle.grammars.java8.LambdaTest:testWithOneArgWithOneLineBody,0,3,0,0,0.0,0,3,5,0,0.46596819162368774,0.0,0,0,0,0,0,0,0,0,0,0,1,1,5.0,5.0,5.0,0.0,0.0,0.0,5.0,5.0,5.0,0.0,0.0,0.0,0.0,1.0,0.2,0.0,false,0,0,1.0,0
4,com.puppycrawl.tools.checkstyle.checks.javadoc.JavadocMethodCheck:getMethodsNumberOfLine,1,3,0,1,0.3076923076923077,1,4,13,1,0.3165953755378723,0.0545544725589981,0,0,0,0,0,0,0,0,0,0,1,1,80.0,80.0,80.0,24.0,24.0,24.0,56.0,56.0,56.0,0.0,1.0,0.0,0.0,1.0,0.0125,0.019230769230769232,true,0,0,2.0,0
4,com.puppycrawl.tools.checkstyle.checks.naming.AbstractAccessControlNameCheck:setApplyToPublic,0,0,0,1,0.75,0,1,4,0,0.9733908772468567,0.6135719910778963,0,0,0,0,0,0,0,0,0,0,1,1,4.0,4.0,4.0,0.0,0.0,0.0,4.0,4.0,4.0,0.0,0.0,0.0,0.0,1.0,0.25,0.0,false,0,0,1.0,0
4,com.puppycrawl.tools.checkstyle.checks.duplicates.ChecksumInfo:sort,7,0,0,0,0.25,2,3,16,2,0.14542339742183685,0.2028705562299123,0,0,0,0,0,0,0,0,0,0,5,4,22.0,22.0,4.4,0.0,0.0,0.0,22.0,22.0,4.4,0.0,2.0,-2.0,-2.0,0.4,0.18181818181818182,0.0,true,0.1964,1.3247,0,0
4,com.puppycrawl.tools.checkstyle.checks.javadoc.JavadocMethodCheck:checkParamTags,1,19,0,3,0.13333333333333333,11,6,45,11,0.0,0.2629883671304573,0,0,0,0,0,0,0,0,1,0,4,1,12.0,5.0,3.0,9.0,6.0,2.25,3.0,-1.0,0.75,0.0,0.0,0.0,0.0,1.0,0.16666666666666666,0.19047619047619047,true,0.1332,1.4486,0,0
4,com.puppycrawl.tools.checkstyle.checks.whitespace.WhitespaceAroundCheck:getDefaultTokens,23,0,0,0,0.0,0,2,3,0,0.0,0.0,0,0,0,0,0,0,0,0,0,0,1,1,0.0,0.0,0.0,0.0,0.0,0.0,0.0,0.0,0.0,0.0,0.0,0.0,0.0,1.0,0.0,0.0,false,0,0,1.0,0
