ID,method,fanIN,fanOUT,localVar,parametersCount,commentToCodeRatio,countPath,complexity,execStmt,maxNesting,readability,cos,Purpose,Notice,UnderDev,StyleAndIde,Metadata,Discarded,longMethod,longParam,messageChains,featureEnvy
1,com.puppycrawl.tools.checkstyle.DefaultLogger:auditFinished,1,2,0,1,0.4,0,1,5,0,0.852479100227356,0.4082482904638631,0,0,0,0,0,0,0,0,0,0
1,com.puppycrawl.tools.checkstyle.MyModifierSet:getVisibilityScope,3,3,0,0,0.15384615384615385,3,3,13,3,0.24051184952259064,0.51604684654214,0,0,0,0,0,0,0,0,0,0
1,com.puppycrawl.tools.checkstyle.XMLLogger:isReference,1,6,0,1,0.09090909090909091,5,6,33,5,7.544659893028438E-4,0.29897403710077436,0,0,0,0,0,0,0,0,0,0
1,com.puppycrawl.tools.checkstyle.LineText:toString,5,2,0,0,0.5,0,2,4,0,0.997501015663147,0.0,0,0,0,0,0,0,0,0,0,0
1,com.puppycrawl.tools.checkstyle.Configuration:isIgnoreBraces,1,0,0,0,0.5,0,3,4,0,0.9407088756561279,0.7071067811865475,0,0,0,0,0,0,0,0,0,0
1,com.puppycrawl.tools.checkstyle.DefaultLogger:fileStarted,1,0,0,1,0.6666666666666666,0,1,3,0,0.9952890276908875,0.2581988897471611,0,0,0,0,0,0,0,0,0,0
1,com.puppycrawl.tools.checkstyle.CheckStyleTask:setAllowNoAuthor,1,1,0,1,0.5,0,1,4,0,0.9239358901977539,0.6405126152203486,0,0,0,0,0,0,0,0,0,0
1,com.puppycrawl.tools.checkstyle.InputBraces:testIf,1,2,0,0,0.08,9,3,25,3,0.00617891876026988,0.565685424949238,0,0,0,0,0,0,0,0,0,0
1,com.puppycrawl.tools.checkstyle.AuditListener:fileFinished,1,0,0,1,1.5,0,2,2,0,0.9992528557777405,0.7453559924999299,0,0,0,0,0,0,0,0,0,0
1,com.puppycrawl.tools.checkstyle.StringArrayReader:close,1,0,0,0,0.5,0,1,4,0,0.9958890676498413,0.0,0,0,0,0,0,0,0,0,0,0
1,com.puppycrawl.tools.checkstyle.Verifier:Verifier,0,0,0,1,0.75,0,3,4,0,0.9845324754714966,0.492365963917331,0,0,0,0,0,0,0,0,0,0
1,com.puppycrawl.tools.checkstyle.Configuration:getStaticFinalRegexp,1,0,0,0,0.5,0,2,4,0,0.9583626389503479,0.5,0,0,0,0,0,0,0,0,0,0
1,com.puppycrawl.tools.checkstyle.Verifier:reportPackageName,0,0,0,1,0.75,0,1,4,0,0.9871436357498169,0.8498365855987976,0,0,0,0,0,0,0,0,0,0
1,com.puppycrawl.tools.checkstyle.Configuration:isIgnoreWhitespace,4,0,0,0,0.5,0,3,4,0,0.8057882785797119,0.7071067811865475,0,0,0,0,0,0,0,0,0,0
1,com.puppycrawl.tools.checkstyle.Verifier:checkImports,1,11,0,0,0.10526315789473684,5,6,19,5,2.7814522036351264E-4,0.1750350105035012,0,0,0,0,0,0,0,0,1,0
1,com.puppycrawl.tools.checkstyle.Configuration:getBooleanProperty,0,4,0,3,0.6,1,3,10,1,0.05612095817923546,0.1728729518208802,0,0,0,0,0,0,0,0,0,0
1,com.puppycrawl.tools.checkstyle.MethodSignature:getThrows,1,0,0,0,0.5,0,4,4,0,0.9901423454284668,0.0,0,0,0,0,0,0,0,0,0,0
1,com.puppycrawl.tools.checkstyle.Configuration:setIgnoreWhitespace,2,0,0,1,0.5,0,2,4,0,0.9812561869621277,0.6666666666666666,0,0,0,0,0,0,0,0,0,0
1,com.puppycrawl.tools.checkstyle.Verifier:reportNeedBraces,0,4,0,1,0.5714285714285714,1,4,7,1,0.5551896095275879,0.2752409412815901,0,0,0,0,0,0,0,0,0,0
1,com.puppycrawl.tools.checkstyle.StringArrayReader:dataAvailable,1,0,0,0,0.5,0,2,4,0,0.947617769241333,0.2886751345948129,0,0,0,0,0,0,0,0,0,0
1,com.puppycrawl.tools.checkstyle.CheckerTest:testScopeAnonInnerAnonInner,0,5,0,0,0.0,0,3,8,0,0.007733466569334269,0.0,0,0,0,0,0,0,0,0,0,0
1,com.puppycrawl.tools.checkstyle.JavadocTag:getTag,6,0,0,0,0.5,0,2,4,0,0.9941356182098389,0.7071067811865475,0,0,0,0,0,0,0,0,0,0
1,com.puppycrawl.tools.checkstyle.Verifier:reportCComment,0,3,0,4,0.8571428571428571,1,2,7,1,0.6907151937484741,0.5782091126474235,0,0,0,0,0,0,0,0,0,0
1,com.puppycrawl.tools.checkstyle.CheckerTest:setUp,0,2,0,0,0.0,0,2,3,0,0.6307664513587952,0.0,0,0,0,0,0,0,0,0,0,0
1,com.puppycrawl.tools.checkstyle.CheckerTest:testScopeInnerClassesPackage,0,5,0,0,0.0,0,3,8,0,0.006708052940666676,0.0,0,0,0,0,0,0,0,0,0,0
1,com.puppycrawl.tools.checkstyle.PropertyCacheFile:destroy,3,3,0,0,0.16666666666666666,1,3,12,1,0.5721127390861511,0.0,0,0,0,0,0,0,0,0,0,0
1,com.puppycrawl.tools.checkstyle.Configuration:setIgnoreImports,1,0,0,1,0.5,0,1,4,0,0.9406940340995789,0.7895420339517227,0,0,0,0,0,0,0,0,0,0
1,com.puppycrawl.tools.checkstyle.CheckerTest:createChecker,19,1,0,0,0.0,0,3,6,0,0.6584442853927612,0.0,0,0,0,0,0,0,0,0,0,0
1,com.puppycrawl.tools.checkstyle.Configuration:getParamPat,1,0,0,0,0.5,0,2,4,0,0.9863026738166809,0.0,0,0,0,0,0,0,0,0,0,0
1,com.puppycrawl.tools.checkstyle.Checker:addListener,3,1,0,1,0.75,0,1,4,0,0.9492271542549133,0.6708203932499369,0,0,0,0,0,0,0,0,0,0
1,com.puppycrawl.tools.checkstyle.Configuration:setAllowTabs,1,0,0,1,0.5,0,1,4,0,0.9758978486061096,0.9284141650970551,0,0,0,0,0,0,0,0,0,0
1,com.puppycrawl.tools.checkstyle.AuditEvent:toString,5,2,0,0,1.0,0,3,4,0,0.9967362284660339,0.3849001794597505,0,0,0,0,0,0,0,0,0,0
1,com.puppycrawl.tools.checkstyle.Configuration:getMaxLineLength,1,0,0,0,0.5,0,2,4,0,0.8948536515235901,0.5773502691896258,0,0,0,0,0,0,0,0,0,0
1,com.puppycrawl.tools.checkstyle.Verifier:reportStartTypeBlock,0,1,0,2,1.2,0,3,5,0,0.5408541560173035,0.45133546692422,0,0,0,0,0,0,0,0,0,0
1,com.puppycrawl.tools.checkstyle.MyToken:getText,17,0,0,0,0.5,0,3,4,0,0.9926567077636719,0.5,0,0,0,0,0,0,0,0,0,0
1,com.puppycrawl.tools.checkstyle.XMLLogger:getOutputStream,1,0,0,0,0.5,0,2,4,0,0.9685959815979004,0.0,0,0,0,0,0,0,0,0,0,0
1,com.puppycrawl.tools.checkstyle.Streamable:getOutputStream,1,0,0,0,1.0,0,3,2,0,0.9968486428260803,0.35355339059327373,0,0,0,0,0,0,0,0,0,0
1,com.puppycrawl.tools.checkstyle.MyModifierSet:getFirstLineNo,2,0,0,0,0.5,0,3,4,0,0.9375715255737305,0.6324555320336759,0,0,0,0,0,0,0,0,0,0
1,com.puppycrawl.tools.checkstyle.MethodSignature:getLineNo,18,0,0,0,0.5,0,2,4,0,0.9866051077842712,0.5773502691896258,0,0,0,0,0,0,0,0,0,0
1,com.puppycrawl.tools.checkstyle.Verifier:checkHeader,1,4,0,0,0.14285714285714285,3,6,14,3,0.008274353109300137,0.30960941226920163,0,0,0,0,0,0,0,0,0,0
1,com.puppycrawl.tools.checkstyle.DefaultLogger:DefaultLogger,0,1,0,1,0.75,0,1,4,0,0.9770842790603638,0.253546276418555,0,0,0,0,0,0,0,0,0,0
1,com.puppycrawl.tools.checkstyle.CheckStyleTask:setMaxMethodLen,0,1,0,1,0.5,0,1,4,0,0.9463658928871155,0.6155870112510924,0,0,0,0,0,0,0,0,0,0
1,com.puppycrawl.tools.checkstyle.CheckerTest:testBraces,0,3,0,0,0.0,0,6,6,0,0.0,0.0,0,0,0,0,0,0,0,0,0,0
1,com.puppycrawl.tools.checkstyle.Configuration:setJavadocScope,8,0,0,1,0.5,0,1,4,0,0.9728657007217407,0.8374357893586237,0,0,0,0,0,0,0,0,0,0
1,com.puppycrawl.tools.checkstyle.InputPublicOnly:method,0,0,0,1,1.3333333333333333,0,1,3,0,0.9981769919395447,0.0,0,0,0,0,0,0,0,0,0,0
1,com.puppycrawl.tools.checkstyle.StringArrayReader:read,0,4,0,3,0.06666666666666667,6,6,30,6,0.0019991176668554544,0.0,0,0,0,0,0,0,0,0,0,0
1,com.puppycrawl.tools.checkstyle.Configuration:isIgnoreImports,3,0,0,0,0.5,0,2,4,0,0.9211214780807495,0.40824829046386296,0,0,0,0,0,0,0,0,0,0
1,com.puppycrawl.tools.checkstyle.MyModifierSet:containsPublic,2,1,0,0,0.5,0,3,4,0,0.9553921818733215,0.5163977794943222,0,0,0,0,0,0,0,0,0,0
1,com.puppycrawl.tools.checkstyle.LineText:LineText,0,2,0,1,0.75,0,1,4,0,0.5982237458229065,0.0,0,0,0,0,0,0,0,0,0,0
1,com.puppycrawl.tools.checkstyle.VerifierSingleton:getInstance,2,0,0,0,0.5,0,3,4,0,0.9816378355026245,0.6324555320336759,0,0,0,0,0,0,0,0,0,0
1,com.puppycrawl.tools.checkstyle.Configuration:getHeaderIgnoreLineNo,1,0,0,0,0.5,0,2,4,0,0.5934335589408875,0.7071067811865476,0,0,0,0,0,0,0,0,0,0
1,com.puppycrawl.tools.checkstyle.CheckStyleTask:setIgnoreWhitespace,2,1,0,1,0.5,0,1,4,0,0.9211431741714478,0.816496580927726,0,0,0,0,0,0,0,0,0,0
1,com.puppycrawl.tools.checkstyle.Configuration:setPublicMemberPat,3,0,0,1,0.6,0,3,5,0,0.9493334293365479,0.649519052838329,0,0,0,0,0,0,0,0,0,0
1,com.puppycrawl.tools.checkstyle.CheckStyleTask:setAllowTabs,1,1,0,1,0.5,0,1,4,0,0.9451300501823425,0.5940885257860046,0,0,0,0,0,0,0,0,0,0
1,com.puppycrawl.tools.checkstyle.CheckStyleTask:setMaxLineLen,0,1,0,1,0.5,0,1,4,0,0.9520026445388794,0.681005224606999,0,0,0,0,0,0,0,0,0,0
1,com.puppycrawl.tools.checkstyle.Verifier:verifyWSAfter,0,7,0,3,0.5,2,4,10,2,0.09079715609550476,0.5028948456749698,0,0,0,0,0,0,0,0,0,0
1,com.puppycrawl.tools.checkstyle.PropertyCacheFile:alreadyChecked,1,3,0,2,0.8,0,4,5,0,0.7497064471244812,0.4893545230443332,0,0,0,0,0,0,0,0,0,0
1,com.puppycrawl.tools.checkstyle.JavadocTag:isReturnTag,1,2,0,0,0.5,0,2,4,0,0.9702942967414856,0.7999999999999998,0,0,0,0,0,0,0,0,0,0
1,com.puppycrawl.tools.checkstyle.DefaultLogger:getOutputStream,1,0,0,0,0.5,0,2,4,0,0.9685959815979004,0.0,0,0,0,0,0,0,0,0,0,0
1,com.puppycrawl.tools.checkstyle.Verifier:fromPackage,1,4,0,2,0.3333333333333333,2,5,15,2,0.34084686636924744,0.09065968278232492,0,0,0,0,0,0,0,0,0,0
1,com.puppycrawl.tools.checkstyle.XMLLogger:encode,2,7,0,1,0.11764705882352941,7,7,34,1,0.005888149607926607,0.31098520678556146,0,0,0,0,0,0,0,0,0,0
1,com.puppycrawl.tools.checkstyle.Verifier:verifyConstructorLength,0,2,0,2,0.6666666666666666,1,2,6,1,0.44221439957618713,0.7609136448901096,0,0,0,0,0,0,0,0,0,0
1,com.puppycrawl.tools.checkstyle.Configuration:isIgnoreCastWhitespace,1,0,0,0,0.5,0,3,4,0,0.5490679144859314,0.5163977794943222,0,0,0,0,0,0,0,0,0,0
1,com.puppycrawl.tools.checkstyle.Checker:destroy,3,8,0,0,0.09523809523809523,3,5,21,3,0.10621189326047897,0.07216878364870323,0,0,0,0,0,0,0,0,0,0
1,com.puppycrawl.tools.checkstyle.InputWhitespace:starTest,0,0,0,0,0.5,0,1,4,0,0.9917641878128052,0.9999999999999998,0,0,0,0,0,0,0,0,0,0
1,com.puppycrawl.tools.checkstyle.Verifier:verifyMethod,0,23,0,3,0.15151515151515152,7,6,33,7,2.940593985840678E-4,0.2455560358642802,0,0,0,0,0,0,0,0,0,0
1,com.puppycrawl.tools.checkstyle.Scope:isIn,1,1,0,1,1.25,0,3,4,0,0.9849120378494263,0.5222329678670935,0,0,0,0,0,0,0,0,0,0
1,com.puppycrawl.tools.checkstyle.Main:main,0,11,0,1,0.06557377049180328,7,6,61,7,0.0,0.19193342624832344,0,0,0,0,0,0,0,0,1,0
1,com.puppycrawl.tools.checkstyle.VerifierSingleton:setInstance,1,0,0,1,0.75,0,2,4,0,0.9823051691055298,0.8845379626717033,0,0,0,0,0,0,0,0,0,0
1,com.puppycrawl.tools.checkstyle.Configuration:Configuration,0,8,0,0,0.2,0,4,15,0,0.17154055833816528,0.12606822641482482,0,0,0,0,0,0,0,0,0,0
1,com.puppycrawl.tools.checkstyle.JavadocTag:toString,5,3,0,0,0.5,0,2,4,0,0.9970095157623291,0.0,0,0,0,0,0,0,0,0,0,0
1,com.puppycrawl.tools.checkstyle.CheckStyleTask:setConstPattern,0,1,0,1,0.2222222222222222,0,4,9,0,0.7623000144958496,0.47673129462279606,0,0,0,0,0,0,0,0,0,0
1,com.puppycrawl.tools.checkstyle.InputBraces:testFor,1,1,0,0,0.2222222222222222,5,3,9,1,0.07635704427957535,0.7071067811865475,0,0,0,0,0,0,0,0,0,0
1,com.puppycrawl.tools.checkstyle.Configuration:getTypeRegexp,1,0,0,0,0.5,0,2,4,0,0.9852532744407654,0.6324555320336759,0,0,0,0,0,0,0,0,0,0
1,com.puppycrawl.tools.checkstyle.Verifier:reportReference,0,1,0,1,0.75,0,1,4,0,0.9553905129432678,0.9434563530497265,0,0,0,0,0,0,0,0,0,0
1,com.puppycrawl.tools.checkstyle.Verifier:verifyMethodLength,0,2,0,2,0.6666666666666666,1,2,6,1,0.40279117226600647,0.6948792289723034,0,0,0,0,0,0,0,0,0,0
1,com.puppycrawl.tools.checkstyle.CheckStyleTask:setMemberPattern,0,1,0,1,0.2222222222222222,0,4,9,0,0.8064063787460327,0.6425754631219991,0,0,0,0,0,0,0,0,0,0
1,com.puppycrawl.tools.checkstyle.LineText:appendText,0,0,0,1,0.75,0,1,4,0,0.9926573634147644,0.82502864732539,0,0,0,0,0,0,0,0,0,0
1,com.puppycrawl.tools.checkstyle.CheckStyleTask:setStaticPattern,0,1,0,1,0.2222222222222222,0,4,9,0,0.7466491460800171,0.5330017908890261,0,0,0,0,0,0,0,0,0,0
1,com.puppycrawl.tools.checkstyle.Configuration:isAllowNoAuthor,1,0,0,0,0.5,0,2,4,0,0.9123240113258362,0.5773502691896258,0,0,0,0,0,0,0,0,0,0
1,com.puppycrawl.tools.checkstyle.InputBraces:testWhile,1,2,0,0,0.2222222222222222,5,3,9,1,0.0763879269361496,0.44172610429938614,0,0,0,0,0,0,0,0,0,0
1,com.puppycrawl.tools.checkstyle.PropertyCacheFile:PropertyCacheFile,0,3,0,1,0.2222222222222222,1,3,18,1,0.18733997642993927,0.6297077035478559,0,0,0,0,0,0,0,0,0,0
1,com.puppycrawl.tools.checkstyle.Configuration:getHeaderLines,1,0,0,0,0.5,0,3,4,0,0.9768403768539429,0.7071067811865475,0,0,0,0,0,0,0,0,0,0
1,com.puppycrawl.tools.checkstyle.InputPublicOnly:InputPublicOnly,0,0,0,1,0.0,0,1,2,0,0.920052170753479,0.0,0,0,0,0,0,0,0,0,0,0
1,com.puppycrawl.tools.checkstyle.Verifier:reportEndMethodBlock,0,0,0,0,0.75,0,1,4,0,0.7681803703308105,0.2581988897471611,0,0,0,0,0,0,0,0,0,0
1,com.puppycrawl.tools.checkstyle.Checker:fireAuditFinished,0,4,0,0,0.2222222222222222,1,3,9,1,0.49053874611854553,0.4068667356033675,0,0,0,0,0,0,0,0,0,0
1,com.puppycrawl.tools.checkstyle.Verifier:inInterfaceBlock,3,3,0,0,0.5,0,3,4,0,0.7812765836715698,0.4803844614152615,0,0,0,0,0,0,0,0,1,0
1,com.puppycrawl.tools.checkstyle.Scope:toString,5,0,0,0,0.5,0,2,4,0,0.9980736374855042,0.0,0,0,0,0,0,0,0,0,0,0
1,com.puppycrawl.tools.checkstyle.JavadocTag:isThrowsTag,1,2,0,0,0.5,0,3,4,0,0.9619573354721069,0.7171371656006361,0,0,0,0,0,0,0,0,0,0
1,com.puppycrawl.tools.checkstyle.Verifier:reportStartMethodBlock,0,0,0,0,0.75,0,1,4,0,0.7133680582046509,0.2581988897471611,0,0,0,0,0,0,0,0,0,0
1,com.puppycrawl.tools.checkstyle.StringArrayReader:StringArrayReader,0,1,0,1,0.5,0,1,6,0,0.034597329795360565,0.6267831705280087,0,0,0,0,0,0,0,0,0,0
1,com.puppycrawl.tools.checkstyle.MyModifierSet:addModifier,0,3,0,1,0.42857142857142855,1,2,7,1,0.4367023706436157,0.3312945782245396,0,0,0,0,0,0,0,0,0,0
1,com.puppycrawl.tools.checkstyle.Checker:Checker,0,2,0,1,0.6666666666666666,0,3,6,0,0.8608095049858093,0.20942695414584778,0,0,0,0,0,0,0,0,0,0
1,com.puppycrawl.tools.checkstyle.AuditEvent:getMessage,5,0,0,0,0.75,0,2,4,0,0.9884045124053955,0.0,0,0,0,0,0,0,0,0,0,0
1,com.puppycrawl.tools.checkstyle.Configuration:getIntProperty,0,3,0,4,0.5,1,4,14,1,0.17296069860458374,0.4070386632407063,0,0,0,0,0,0,0,0,0,0
1,com.puppycrawl.tools.checkstyle.AuditListener:auditStarted,1,0,0,1,1.5,0,2,2,0,0.9992085099220276,0.5714285714285714,0,0,0,0,0,0,0,0,0,0
1,com.puppycrawl.tools.checkstyle.Checker:fireFileStarted,1,4,0,1,0.3333333333333333,1,3,9,1,0.3069313168525696,0.5521762840331416,0,0,0,0,0,0,0,0,0,0
1,com.puppycrawl.tools.checkstyle.Scope:Scope,0,0,0,2,0.8,0,1,5,0,0.967678427696228,0.5739640213948523,0,0,0,0,0,0,0,0,0,0
1,com.puppycrawl.tools.checkstyle.LineText:getLineNo,18,0,0,0,0.5,0,2,4,0,0.9866051077842712,0.5773502691896258,0,0,0,0,0,0,0,0,0,0
1,com.puppycrawl.tools.checkstyle.AuditListener:auditFinished,1,0,0,1,1.5,0,2,2,0,0.999229371547699,0.7142857142857142,0,0,0,0,0,0,0,0,0,0
1,com.puppycrawl.tools.checkstyle.Verifier:verifyParameter,1,6,0,1,0.5,1,3,6,1,0.10748425871133804,0.42817441928883754,0,0,0,0,0,0,0,0,1,0
1,com.puppycrawl.tools.checkstyle.CheckStyleTask:addFormatter,0,1,0,1,0.75,0,2,4,0,0.9482434988021851,0.8775269089525567,0,0,0,0,0,0,0,0,0,0
1,com.puppycrawl.tools.checkstyle.Checker:fireAuditStarted,0,4,0,0,0.2222222222222222,1,3,9,1,0.4301306903362274,0.4068667356033675,0,0,0,0,0,0,0,0,0,0
1,com.puppycrawl.tools.checkstyle.Verifier:createRE,0,3,0,1,0.38461538461538464,0,4,13,0,0.4669247567653656,0.3211764393605811,0,0,0,0,0,0,0,0,0,0
1,com.puppycrawl.tools.checkstyle.CheckStyleTask:getListeners,1,6,0,0,0.4375,2,5,16,2,0.03460988402366638,0.19437181229994502,0,0,0,0,0,0,0,0,0,0
1,com.puppycrawl.tools.checkstyle.XMLLogger:fileFinished,1,1,0,1,0.5,0,1,4,0,0.9620416164398193,0.18257418583505536,0,0,0,0,0,0,0,0,0,0
1,com.puppycrawl.tools.checkstyle.XMLLogger:addError,1,4,0,1,0.5,0,1,4,0,0.9719943404197693,0.13608276348795434,0,0,0,0,0,0,0,0,0,0
1,com.puppycrawl.tools.checkstyle.Verifier:inCheckScope,3,5,0,1,0.5454545454545454,1,5,11,1,0.2744492292404175,0.4742739004497453,0,0,0,0,0,0,0,0,0,0
1,com.puppycrawl.tools.checkstyle.Scope:compareTo,1,0,0,1,0.4,0,2,5,0,0.944490373134613,0.0,0,0,0,0,0,0,0,0,0,0
1,com.puppycrawl.tools.checkstyle.CheckerTest:testWhitespace,0,5,0,0,0.0,0,5,8,0,0.0,0.0,0,0,0,0,0,0,0,0,0,0
1,com.puppycrawl.tools.checkstyle.Configuration:isAllowProtected,1,0,0,0,0.5,0,2,4,0,0.8957800269126892,0.5773502691896258,0,0,0,0,0,0,0,0,0,0
1,com.puppycrawl.tools.checkstyle.LineText:getText,17,0,0,0,0.5,0,2,4,0,0.9926567077636719,0.7071067811865475,0,0,0,0,0,0,0,0,0,0
1,com.puppycrawl.tools.checkstyle.Verifier:verifyType,0,14,0,2,0.2222222222222222,4,6,18,4,0.0027067435439676046,0.5718519727348288,0,0,0,0,0,0,0,0,1,0
1,com.puppycrawl.tools.checkstyle.MyModifierSet:containsPrivate,2,1,0,0,0.5,0,3,4,0,0.9540551900863647,0.5163977794943222,0,0,0,0,0,0,0,0,0,0
1,com.puppycrawl.tools.checkstyle.InputWhitespace:boolTest,0,0,0,0,0.3333333333333333,0,1,6,0,0.993244469165802,0.5,0,0,0,0,0,0,0,0,0,0
1,com.puppycrawl.tools.checkstyle.InputWhitespace:method1,0,0,0,0,0.2,0,1,10,0,0.987944483757019,1.0,0,0,0,0,0,0,0,0,0,0
1,com.puppycrawl.tools.checkstyle.MyModifierSet:containsProtected,2,1,0,0,0.5,0,3,4,0,0.9485217928886414,0.5163977794943222,0,0,0,0,0,0,0,0,0,0
1,com.puppycrawl.tools.checkstyle.InputWhitespace:method2,0,0,0,0,0.2222222222222222,0,2,9,0,0.9542765021324158,0.0,0,0,0,0,0,0,0,0,0,0
1,com.puppycrawl.tools.checkstyle.Verifier:lineIsBlank,1,2,0,1,1.0,0,3,4,0,0.9523919224739075,0.6582805886043833,0,0,0,0,0,0,0,0,0,0
1,com.puppycrawl.tools.checkstyle.CheckerTest:testSimple,0,10,0,0,0.0,0,3,13,0,0.0032202659640461206,0.3310039313963118,0,0,0,0,0,0,0,0,1,0
1,com.puppycrawl.tools.checkstyle.Configuration:setIgnoreCastWhitespace,3,0,0,1,0.5,0,2,4,0,0.9723120331764221,0.49613893835683387,0,0,0,0,0,0,0,0,0,0
1,com.puppycrawl.tools.checkstyle.Configuration:getStaticRegexp,1,0,0,0,0.5,0,2,4,0,0.9816533327102661,0.5,0,0,0,0,0,0,0,0,0,0
1,com.puppycrawl.tools.checkstyle.InputSimple:test1,0,0,0,3,1.5,0,4,4,0,0.10894978791475296,0.8890257147018888,0,0,0,0,0,0,0,0,0,0
1,com.puppycrawl.tools.checkstyle.CheckStyleTask:setParamPattern,0,1,0,1,0.2222222222222222,0,4,9,0,0.8111733198165894,0.4490132550669373,0,0,0,0,0,0,0,0,0,0
1,com.puppycrawl.tools.checkstyle.Verifier:getMessages,1,3,0,0,0.5,0,2,6,0,0.6877036690711975,0.4073065399812784,0,0,0,0,0,0,0,0,0,0
1,com.puppycrawl.tools.checkstyle.Configuration:setMemberPat,3,0,0,1,0.6,0,3,5,0,0.9642930626869202,0.649519052838329,0,0,0,0,0,0,0,0,0,0
1,com.puppycrawl.tools.checkstyle.MyModifierSet:toString,5,5,0,0,0.2,1,4,10,1,0.15796582400798798,0.0,0,0,0,0,0,0,0,0,0,0
1,com.puppycrawl.tools.checkstyle.Configuration:getMaxConstructorLength,1,0,0,0,0.5,0,2,4,0,0.45583099126815796,0.5773502691896258,0,0,0,0,0,0,0,0,0,0
1,com.puppycrawl.tools.checkstyle.MyCommonAST:getLineNo,18,0,0,0,0.5,0,2,4,0,0.9878965020179749,0.5773502691896258,0,0,0,0,0,0,0,0,0,0
1,com.puppycrawl.tools.checkstyle.Configuration:setAllowNoAuthor,1,0,0,1,0.5,0,1,4,0,0.9264392256736755,0.7921180343813395,0,0,0,0,0,0,0,0,0,0
1,com.puppycrawl.tools.checkstyle.Verifier:verifyWSAroundEnd,0,2,0,3,1.25,0,2,4,0,0.07465188205242157,0.5976143046671968,0,0,0,0,0,0,0,0,0,0
1,com.puppycrawl.tools.checkstyle.AuditListener:addError,1,0,0,1,1.5,0,2,2,0,0.9994013905525208,0.5773502691896257,0,0,0,0,0,0,0,0,0,0
1,com.puppycrawl.tools.checkstyle.Verifier:getJavadocBefore,3,2,0,1,0.5,1,6,8,1,0.23673899471759796,0.6023749739426605,0,0,0,0,0,0,0,0,0,0
1,com.puppycrawl.tools.checkstyle.Verifier:checkVariable,1,4,0,3,1.0,1,2,6,1,0.05073746293783188,0.5879951490600303,0,0,0,0,0,0,0,0,0,0
1,com.puppycrawl.tools.checkstyle.CheckerTest:testNoJavadoc,0,5,0,0,0.0,0,3,8,0,0.003881299402564764,0.0,0,0,0,0,0,0,0,0,0,0
1,com.puppycrawl.tools.checkstyle.CheckStyleTask:setCacheFile,1,2,0,1,0.5,0,1,4,0,0.8887944221496582,0.7833494518006403,0,0,0,0,0,0,0,0,0,0
1,com.puppycrawl.tools.checkstyle.Verifier:setLines,1,10,0,1,0.1875,4,4,16,4,0.0022121258080005646,0.5122275779369001,0,0,0,0,0,0,0,0,1,0
1,com.puppycrawl.tools.checkstyle.Configuration:setParamPat,3,0,0,1,0.6,0,3,5,0,0.9582355618476868,0.5,0,0,0,0,0,0,0,0,0,0
1,com.puppycrawl.tools.checkstyle.Verifier:clearMessages,1,1,0,0,0.16666666666666666,0,2,12,0,0.09846923500299454,0.12403473458920847,0,0,0,0,0,0,0,0,0,0
1,com.puppycrawl.tools.checkstyle.AuditEvent:getLine,4,0,0,0,1.0,0,3,4,0,0.9934065937995911,0.3592106040535498,0,0,0,0,0,0,0,0,0,0
1,com.puppycrawl.tools.checkstyle.CheckStyleTask:setIgnoreBraces,2,1,0,1,0.5,0,1,4,0,0.9430675506591797,0.816496580927726,0,0,0,0,0,0,0,0,0,0
1,com.puppycrawl.tools.checkstyle.CheckerTest:testHeader,0,4,0,0,0.0,0,3,7,0,0.004532295744866133,0.0,0,0,0,0,0,0,0,0,0,0
1,com.puppycrawl.tools.checkstyle.Verifier:verifyVariable,0,25,0,1,0.07142857142857142,9,6,42,9,0.0,0.42628679325956936,0,0,0,0,0,0,0,0,1,0
1,com.puppycrawl.tools.checkstyle.MyCommonAST:getColumnNo,2,0,0,0,0.5,0,2,4,0,0.9778842329978943,0.5773502691896258,0,0,0,0,0,0,0,0,0,0
1,com.puppycrawl.tools.checkstyle.Configuration:setStaticPat,3,0,0,1,0.6,0,3,5,0,0.9529213309288025,0.40089186286863654,0,0,0,0,0,0,0,0,0,0
1,com.puppycrawl.tools.checkstyle.Streamable:setOutputStream,2,0,0,1,1.5,0,2,2,0,0.9990319013595581,0.4999999999999999,0,0,0,0,0,0,0,0,0,0
1,com.puppycrawl.tools.checkstyle.XMLLogger:setOutputStream,2,0,0,1,0.18181818181818182,0,3,11,0,0.7251348495483398,0.0,0,0,0,0,0,0,0,0,0,0
1,com.puppycrawl.tools.checkstyle.CheckStyleTask:setHeaderFile,2,2,0,1,0.2222222222222222,0,3,9,0,0.6851483583450317,0.6316761657092368,0,0,0,0,0,0,0,0,0,0
1,com.puppycrawl.tools.checkstyle.CheckStyleTask:scanFileSets,1,10,0,0,0.15,4,4,20,3,0.009392631240189075,0.14217778114791782,0,0,0,0,0,0,0,0,0,0
1,com.puppycrawl.tools.checkstyle.Configuration:setHeaderIgnoreLineNo,1,0,0,1,0.5,0,1,4,0,0.7586524486541748,0.8852533362759809,0,0,0,0,0,0,0,0,0,0
1,com.puppycrawl.tools.checkstyle.Verifier:reportEndTypeBlock,0,1,0,0,0.4,0,1,5,0,0.8735565543174744,0.2886751345948129,0,0,0,0,0,0,0,0,0,0
1,com.puppycrawl.tools.checkstyle.MethodSignature:setLineNo,0,0,0,1,0.75,0,1,4,0,0.9868150949478149,0.7514691493021793,0,0,0,0,0,0,0,0,0,0
1,com.puppycrawl.tools.checkstyle.CheckStyleTask:setMaxConstructorLen,0,1,0,1,0.5,0,1,4,0,0.929432213306427,0.681005224606999,0,0,0,0,0,0,0,0,0,0
1,com.puppycrawl.tools.checkstyle.MethodSignature:setThrows,0,0,0,1,0.75,0,2,4,0,0.9897482991218567,0.0,0,0,0,0,0,0,0,0,0,0
1,com.puppycrawl.tools.checkstyle.Verifier:reportCppComment,0,0,0,2,1.3333333333333333,0,1,3,0,0.9201623201370239,0.5423261445466404,0,0,0,0,0,0,0,0,0,0
1,com.puppycrawl.tools.checkstyle.Configuration:setHeaderFile,2,3,0,1,0.3076923076923077,2,6,13,2,0.2616537809371948,0.5070724870494426,0,0,0,0,0,0,0,0,0,0
1,com.puppycrawl.tools.checkstyle.Configuration:setStaticFinalPat,2,0,0,1,0.6,0,3,5,0,0.9364100098609924,0.40089186286863654,0,0,0,0,0,0,0,0,0,0
1,com.puppycrawl.tools.checkstyle.Checker:fireErrors,1,6,0,2,0.36363636363636365,2,4,11,2,0.014787954278290272,0.5286805326376811,0,0,0,0,0,0,0,0,0,0
1,com.puppycrawl.tools.checkstyle.MyCommonAST:initialize,0,2,0,1,0.3333333333333333,0,1,6,0,0.7033420205116272,0.0,0,0,0,0,0,0,0,0,0,0
1,com.puppycrawl.tools.checkstyle.CheckerTest:testScopeInnerInterfacesPublic,0,5,0,0,0.0,0,3,8,0,0.0,0.0,0,0,0,0,0,0,0,0,0,0
1,com.puppycrawl.tools.checkstyle.Configuration:getPublicMemberPat,0,0,0,0,0.5,0,2,4,0,0.9567182064056396,0.31622776601683794,0,0,0,0,0,0,0,0,0,0
1,com.puppycrawl.tools.checkstyle.InputWhitespace:testQuestions,0,0,0,0,0.4,0,1,5,0,0.991928219795227,0.9999999999999998,0,0,0,0,0,0,0,0,0,0
1,com.puppycrawl.tools.checkstyle.CheckerTest:testTags,0,4,0,0,0.0,12,5,7,0,0.0,0.0,0,0,0,0,0,0,0,0,0,0
1,com.puppycrawl.tools.checkstyle.Configuration:getStaticFinalPat,1,0,0,0,0.5,0,2,4,0,0.9565401673316956,0.0,0,0,0,0,0,0,0,0,0,0
1,com.puppycrawl.tools.checkstyle.Configuration:getStaticPat,1,0,0,0,0.5,0,2,4,0,0.9808298945426941,0.0,0,0,0,0,0,0,0,0,0,0
1,com.puppycrawl.tools.checkstyle.XMLLogger:auditStarted,1,1,0,1,0.5,0,1,4,0,0.9497113823890686,0.3651483716701107,0,0,0,0,0,0,0,0,0,0
1,com.puppycrawl.tools.checkstyle.CheckerTest:getPath,20,2,0,1,0.0,0,3,4,0,0.21586185693740845,0.0,0,0,0,0,0,0,0,0,0,0
1,com.puppycrawl.tools.checkstyle.MyModifierSet:containsFinal,1,1,0,0,0.5,0,3,4,0,0.9516536593437195,0.5163977794943222,0,0,0,0,0,0,0,0,0,0
1,com.puppycrawl.tools.checkstyle.Verifier:checkParamTags,1,10,0,2,0.13793103448275862,8,5,29,6,3.3165173954330385E-4,0.14974025954538656,0,0,0,0,0,0,0,0,0,0
1,com.puppycrawl.tools.checkstyle.AuditEvent:getFileName,2,0,0,0,0.75,0,3,4,0,0.9863026738166809,0.6708203932499369,0,0,0,0,0,0,0,0,0,0
1,com.puppycrawl.tools.checkstyle.InputTags:method12,0,0,0,0,0.75,0,2,4,0,0.976323127746582,0.0,0,0,0,0,0,0,0,0,0,0
1,com.puppycrawl.tools.checkstyle.JavadocTag:getArg1,3,0,0,0,0.5,0,3,4,0,0.9926567077636719,0.0,0,0,0,0,0,0,0,0,0,0
1,com.puppycrawl.tools.checkstyle.InputTags:method11,0,0,0,0,1.0,0,2,3,0,0.994342565536499,0.0,0,0,0,0,0,0,0,0,0,0
1,com.puppycrawl.tools.checkstyle.InputTags:method10,0,0,0,2,0.6666666666666666,0,1,3,0,0.9705786108970642,0.0,0,0,0,0,0,0,0,0,0,0
1,com.puppycrawl.tools.checkstyle.Configuration:getMaxMethodLength,1,0,0,0,0.5,0,2,4,0,0.8131570816040039,0.40824829046386296,0,0,0,0,0,0,0,0,0,0
1,com.puppycrawl.tools.checkstyle.Verifier:verifyNoWSBefore,0,7,0,1,0.2727272727272727,2,4,11,2,0.005791191942989826,0.7141502204773151,0,0,0,0,0,0,0,0,0,0
1,com.puppycrawl.tools.checkstyle.XMLLogger:addException,0,5,0,2,0.16666666666666666,0,1,12,0,0.02173345349729061,0.04987546680538165,0,0,0,0,0,0,0,0,0,0
1,com.puppycrawl.tools.checkstyle.Configuration:getParamRegexp,1,0,0,0,0.5,0,2,4,0,0.9844573140144348,0.35355339059327373,0,0,0,0,0,0,0,0,0,0
1,com.puppycrawl.tools.checkstyle.DefaultLogger:setOutputStream,2,0,0,1,0.4,0,1,5,0,0.9746719598770142,0.0,0,0,0,0,0,0,0,0,0,0
1,com.puppycrawl.tools.checkstyle.InputWhitespace:divTest,0,0,0,0,0.18181818181818182,0,1,11,0,0.27493131160736084,0.4999999999999999,0,0,0,0,0,0,0,0,0,0
1,com.puppycrawl.tools.checkstyle.InputScopeAnonInner:run,0,1,0,0,0.0,0,1,3,0,0.5866718888282776,0.0,0,0,0,0,0,0,0,0,0,0
1,com.puppycrawl.tools.checkstyle.Configuration:getMaxFileLength,1,0,0,0,0.5,0,2,4,0,0.8948536515235901,0.5773502691896258,0,0,0,0,0,0,0,0,0,0
1,com.puppycrawl.tools.checkstyle.JavadocTag:isAuthorTag,0,2,0,0,0.5,0,2,4,0,0.9849371910095215,0.7999999999999998,0,0,0,0,0,0,0,0,0,0
1,com.puppycrawl.tools.checkstyle.Checker:fireFileFinished,1,4,0,1,0.3333333333333333,1,3,9,1,0.31106460094451904,0.5521762840331416,0,0,0,0,0,0,0,0,0,0
1,com.puppycrawl.tools.checkstyle.DefaultLogger:auditStarted,1,1,0,1,0.5,0,1,4,0,0.7999914884567261,0.447213595499958,0,0,0,0,0,0,0,0,1,0
1,com.puppycrawl.tools.checkstyle.InputWhitespace:nonVoid,0,0,0,0,0.3333333333333333,1,4,9,1,0.8800943493843079,0.5,0,0,0,0,0,0,0,0,0,0
1,com.puppycrawl.tools.checkstyle.Verifier:reportImport,0,9,0,2,0.3076923076923077,3,3,13,3,0.075111024081707,0.5227272727272727,0,0,0,0,0,0,0,0,0,0
1,com.puppycrawl.tools.checkstyle.CheckStyleTask:setTypePattern,0,1,0,1,0.2222222222222222,0,4,9,0,0.8070273399353027,0.6425754631219991,0,0,0,0,0,0,0,0,0,0
1,com.puppycrawl.tools.checkstyle.Configuration:setCacheFile,1,0,0,1,0.5,0,1,4,0,0.9821785092353821,0.8807710121010885,0,0,0,0,0,0,0,0,0,0
1,com.puppycrawl.tools.checkstyle.CheckerTest:testIgnorePublic,0,5,0,0,0.0,0,3,8,0,0.0,0.0,0,0,0,0,0,0,0,0,1,0
1,com.puppycrawl.tools.checkstyle.Verifier:checkThrowsTags,1,10,0,2,0.13793103448275862,8,6,29,6,4.876912571489811E-4,0.1273571322780595,0,0,0,0,0,0,0,0,0,0
1,com.puppycrawl.tools.checkstyle.Configuration:getMemberRegexp,1,0,0,0,0.5,0,2,4,0,0.9770027995109558,0.6324555320336759,0,0,0,0,0,0,0,0,0,0
1,com.puppycrawl.tools.checkstyle.Main:usage,1,3,0,0,0.25,0,2,8,0,0.0,0.11009637651263607,0,0,0,0,0,0,0,0,1,0
1,com.puppycrawl.tools.checkstyle.AuditListener:addException,0,0,0,2,2.0,0,4,2,0,0.9929344654083252,0.48795003647426655,0,0,0,0,0,0,0,0,0,0
1,com.puppycrawl.tools.checkstyle.CheckerTest:testScopeAnonInnerPrivate,0,5,0,0,0.0,0,3,8,0,0.24511095881462097,0.0,0,0,0,0,0,0,0,0,0,0
1,com.puppycrawl.tools.checkstyle.CheckStyleTask:setFailOnViolation,0,0,0,1,0.5,0,2,4,0,0.9759284853935242,0.890870806374748,0,0,0,0,0,0,0,0,0,0
1,com.puppycrawl.tools.checkstyle.VerifierSingleton:VerifierSingleton,0,0,0,0,0.6666666666666666,0,2,3,0,0.8873075842857361,0.0,0,0,0,0,0,0,0,0,0,0
1,com.puppycrawl.tools.checkstyle.Configuration:getTypePat,1,0,0,0,0.5,0,2,4,0,0.9890471696853638,0.31622776601683794,0,0,0,0,0,0,0,0,0,0
1,com.puppycrawl.tools.checkstyle.XMLLogger:XMLLogger,0,1,0,1,0.75,0,1,4,0,0.9814369678497314,0.6227991553292184,0,0,0,0,0,0,0,0,0,0
1,com.puppycrawl.tools.checkstyle.XMLLogger:fileStarted,1,2,0,1,0.5,0,1,4,0,0.9598144292831421,0.12309149097933272,0,0,0,0,0,0,0,0,0,0
1,com.puppycrawl.tools.checkstyle.CheckStyleTask:setMaxFileLen,0,1,0,1,0.5,0,1,4,0,0.9520026445388794,0.681005224606999,0,0,0,0,0,0,0,0,0,0
1,com.puppycrawl.tools.checkstyle.MyToken:MyToken,0,0,0,1,0.75,0,2,4,0,0.9923469424247742,0.6324555320336759,0,0,0,0,0,0,0,0,0,0
1,com.puppycrawl.tools.checkstyle.Configuration:getCacheFile,1,0,0,0,0.5,0,2,4,0,0.9838261008262634,0.7071067811865475,0,0,0,0,0,0,0,0,0,0
1,com.puppycrawl.tools.checkstyle.CheckerTest:testScopeInnerClassesPublic,0,5,0,0,0.0,0,3,8,0,0.18430615961551666,0.0,0,0,0,0,0,0,0,0,0,0
1,com.puppycrawl.tools.checkstyle.JavadocTag:isSeeTag,1,2,0,0,0.5,0,2,4,0,0.9867027997970581,0.8164965809277261,0,0,0,0,0,0,0,0,0,0
1,com.puppycrawl.tools.checkstyle.JavadocTag:JavadocTag,0,0,0,2,1.0,0,1,4,0,0.49285954236984253,0.7768985960673559,0,0,0,0,0,0,0,0,0,0
1,com.puppycrawl.tools.checkstyle.CheckerTest:CheckerTest,0,0,0,1,0.0,0,1,3,0,0.8665397763252258,0.0,0,0,0,0,0,0,0,0,0,0
1,com.puppycrawl.tools.checkstyle.DefaultLogger:addException,0,3,0,2,0.2857142857142857,0,1,7,0,0.6052802801132202,0.10369516947304255,0,0,0,0,0,0,0,0,0,0
1,com.puppycrawl.tools.checkstyle.CheckerTest:testWhitespaceOff,0,5,0,0,0.0,0,3,8,0,0.21473045647144318,0.0,0,0,0,0,0,0,0,0,0,0
1,com.puppycrawl.tools.checkstyle.CheckStyleTask:execute,0,6,0,0,0.14285714285714285,4,6,28,4,0.06710360199213028,0.18321619033126602,0,0,0,0,0,0,0,0,0,0
1,com.puppycrawl.tools.checkstyle.CheckerTest:testBracesOff,0,4,0,0,0.0,0,5,7,0,0.0,0.0,0,0,0,0,0,0,0,0,0,0
1,com.puppycrawl.tools.checkstyle.Configuration:setTypePat,2,0,0,1,0.6,0,3,5,0,0.9776296019554138,0.649519052838329,0,0,0,0,0,0,0,0,0,0
1,com.puppycrawl.tools.checkstyle.Configuration:setIgnoreImportLength,2,0,0,1,0.5,0,1,4,0,0.8408485054969788,0.6227991553292184,0,0,0,0,0,0,0,0,0,0
1,com.puppycrawl.tools.checkstyle.XMLLogger:auditFinished,1,2,0,1,0.4,0,1,5,0,0.8532729148864746,0.3086066999241839,0,0,0,0,0,0,0,0,0,0
1,com.puppycrawl.tools.checkstyle.MyVariable:getModifierSet,1,0,0,0,0.5,0,3,4,0,0.9285504817962646,0.0,0,0,0,0,0,0,0,0,0,0
1,com.puppycrawl.tools.checkstyle.CheckerTest:verify,19,5,0,3,0.0,1,4,10,1,0.006744384765625,0.0,0,0,0,0,0,0,0,0,0,0
1,com.puppycrawl.tools.checkstyle.Scope:getInstance,2,2,0,1,0.4444444444444444,1,4,9,1,0.8226222991943359,0.7271705291176659,0,0,0,0,0,0,0,0,0,0
1,com.puppycrawl.tools.checkstyle.InputBraces:testDoWhile,1,2,0,0,0.2222222222222222,2,2,9,0,0.3860267102718353,0.588348405414552,0,0,0,0,0,0,0,0,0,0
1,com.puppycrawl.tools.checkstyle.CheckStyleTask:addFileset,0,1,0,1,0.75,0,1,4,0,0.9736571907997131,0.5698028822981898,0,0,0,0,0,0,0,0,0,0
1,com.puppycrawl.tools.checkstyle.MethodSignature:addParam,0,1,0,1,0.75,0,1,4,0,0.9545220732688904,0.30618621784789724,0,0,0,0,0,0,0,0,0,0
1,com.puppycrawl.tools.checkstyle.MethodSignature:getParams,1,0,0,0,0.5,0,3,4,0,0.9901423454284668,0.0,0,0,0,0,0,0,0,0,0,0
1,com.puppycrawl.tools.checkstyle.MyModifierSet:size,6,1,0,0,0.5,0,3,4,0,0.9707346558570862,0.2581988897471611,0,0,0,0,0,0,0,0,0,0
1,com.puppycrawl.tools.checkstyle.Verifier:reportStarImport,0,3,0,2,0.5714285714285714,1,3,7,1,0.07325215637683868,0.5582905262390825,0,0,0,0,0,0,0,0,0,0
1,com.puppycrawl.tools.checkstyle.JavadocTag:isParamTag,1,2,0,0,0.5,0,2,4,0,0.9838120341300964,0.8164965809277261,0,0,0,0,0,0,0,0,0,0
1,com.puppycrawl.tools.checkstyle.MyVariable:MyVariable,0,0,0,2,0.8,0,3,5,0,0.9226685762405396,0.4588314677411235,0,0,0,0,0,0,0,0,0,0
1,com.puppycrawl.tools.checkstyle.InputSimple:longMethod,0,0,0,0,0.6666666666666666,0,1,3,0,0.9903907179832458,0.0,0,0,0,0,0,0,0,0,0,0
1,com.puppycrawl.tools.checkstyle.InputWhitespace:testCasts,0,0,0,0,0.2857142857142857,0,1,7,0,0.8984276056289673,0.22941573387056174,0,0,0,0,0,0,0,0,0,0
1,com.puppycrawl.tools.checkstyle.CheckStyleTask:setIgnoreCastWhitespace,3,1,0,1,0.5,0,1,4,0,0.9023864269256592,0.7018624063435964,0,0,0,0,0,0,0,0,0,0
1,com.puppycrawl.tools.checkstyle.Verifier:getMethodTags,1,3,0,2,0.4666666666666667,3,6,15,3,0.013159946538507938,0.5503495392790071,0,0,0,0,0,0,0,0,0,0
1,com.puppycrawl.tools.checkstyle.Configuration:setMaxMethodLength,2,0,0,1,0.5,0,1,4,0,0.9010184407234192,0.7895420339517227,0,0,0,0,0,0,0,0,0,0
1,com.puppycrawl.tools.checkstyle.InputScopeAnonInner:InputScopeAnonInner,0,2,0,0,0.2222222222222222,0,1,9,0,0.8365668058395386,0.18257418583505536,0,0,0,0,0,0,0,0,0,0
1,com.puppycrawl.tools.checkstyle.InputTags:method1,0,0,0,0,0.0,0,1,2,0,0.889783501625061,1.0,0,0,0,0,0,0,0,0,0,0
1,com.puppycrawl.tools.checkstyle.InputTags:method2,0,0,0,0,0.6666666666666666,0,1,3,0,0.9959479570388794,0.0,0,0,0,0,0,0,0,0,0,0
1,com.puppycrawl.tools.checkstyle.InputWhitespace:fastExit,0,0,0,0,0.2222222222222222,1,4,9,1,0.24982252717018127,0.0,0,0,0,0,0,0,0,0,0,0
1,com.puppycrawl.tools.checkstyle.InputTags:method3,0,0,0,0,0.5,0,2,4,0,0.9831944704055786,0.0,0,0,0,0,0,0,0,0,0,0
1,com.puppycrawl.tools.checkstyle.Configuration:setIgnoreBraces,2,0,0,1,0.5,0,2,4,0,0.9880491495132446,0.6666666666666666,0,0,0,0,0,0,0,0,0,0
1,com.puppycrawl.tools.checkstyle.InputTags:method4,0,0,0,1,0.75,0,2,4,0,0.9895470142364502,0.0,0,0,0,0,0,0,0,0,0,0
1,com.puppycrawl.tools.checkstyle.InputTags:method5,0,0,0,0,0.6666666666666666,0,2,3,0,0.995576798915863,0.0,0,0,0,0,0,0,0,0,0,0
1,com.puppycrawl.tools.checkstyle.InputTags:method6,0,0,0,0,1.0,0,2,3,0,0.995576798915863,0.0,0,0,0,0,0,0,0,0,0,0
1,com.puppycrawl.tools.checkstyle.InputTags:method7,0,0,0,0,0.6666666666666666,0,2,3,0,0.9472832679748535,0.0,0,0,0,0,0,0,0,0,0,0
1,com.puppycrawl.tools.checkstyle.InputTags:method8,0,0,0,1,0.6666666666666666,0,1,3,0,0.9973965287208557,0.0,0,0,0,0,0,0,0,0,0,0
1,com.puppycrawl.tools.checkstyle.InputTags:method9,0,0,0,1,1.0,0,1,3,0,0.9973965287208557,0.0,0,0,0,0,0,0,0,0,0,0
1,com.puppycrawl.tools.checkstyle.Configuration:setAllowProtected,1,0,0,1,0.5,0,1,4,0,0.9271718859672546,0.7921180343813395,0,0,0,0,0,0,0,0,0,0
1,com.puppycrawl.tools.checkstyle.PropertyCacheFile:checkedOk,1,2,0,2,1.0,0,1,4,0,0.4512912929058075,0.8219949365267865,0,0,0,0,0,0,0,0,0,0
1,com.puppycrawl.tools.checkstyle.LineText:compareTo,1,1,0,1,0.15384615384615385,2,4,13,2,0.4298429489135742,0.0,0,0,0,0,0,0,0,0,0,0
1,com.puppycrawl.tools.checkstyle.InputScopeAnonInner:mouseClicked,0,1,0,1,0.0,0,1,3,0,0.6017163395881653,0.0,0,0,0,0,0,0,0,0,0,0
1,com.puppycrawl.tools.checkstyle.Checker:process,3,16,0,1,0.09302325581395349,2,5,43,2,0.0,0.6213377552190162,0,0,0,0,0,0,0,0,0,0
1,com.puppycrawl.tools.checkstyle.Verifier:checkReturnTag,1,7,0,2,0.2777777777777778,4,5,18,4,0.11984193325042725,0.5331721090767902,0,0,0,0,0,0,0,0,0,0
1,com.puppycrawl.tools.checkstyle.CheckStyleTask:setIgnoreImportLen,0,1,0,1,0.75,0,2,4,0,0.9253072738647461,0.39405520311955033,0,0,0,0,0,0,0,0,0,0
1,com.puppycrawl.tools.checkstyle.Configuration:setMaxConstructorLength,2,0,0,1,0.5,0,1,4,0,0.706525444984436,0.861460984507896,0,0,0,0,0,0,0,0,0,0
1,com.puppycrawl.tools.checkstyle.MyModifierSet:containsStatic,1,1,0,0,0.5,0,3,4,0,0.9528689384460449,0.5163977794943222,0,0,0,0,0,0,0,0,0,0
1,com.puppycrawl.tools.checkstyle.Verifier:inMethodBlock,1,0,0,0,0.5,0,2,4,0,0.8221277594566345,0.40824829046386296,0,0,0,0,0,0,0,0,0,0
1,com.puppycrawl.tools.checkstyle.InputBraces:condition,3,0,0,0,0.5,0,2,4,0,0.9828882813453674,0.0,0,0,0,0,0,0,0,0,0,0
1,com.puppycrawl.tools.checkstyle.Verifier:basename,1,2,0,1,0.6,0,3,5,0,0.8121621608734131,0.19999999999999996,0,0,0,0,0,0,0,0,0,0
1,com.puppycrawl.tools.checkstyle.CheckerTest:testInner,0,4,0,0,0.0,0,3,7,0,0.0,0.0,0,0,0,0,0,0,0,0,1,0
1,com.puppycrawl.tools.checkstyle.Configuration:getJavadocScope,1,0,0,0,0.5,0,2,4,0,0.9757876396179199,0.6201736729460423,0,0,0,0,0,0,0,0,0,0
1,com.puppycrawl.tools.checkstyle.Verifier:log,21,1,0,2,1.0,0,1,4,0,0.673069179058075,0.6013377943029549,0,0,0,0,0,0,0,0,0,0
1,com.puppycrawl.tools.checkstyle.CheckerTest:testImport,0,5,0,0,0.0,0,4,8,0,0.0,0.0,0,0,0,0,0,0,0,0,0,0
1,com.puppycrawl.tools.checkstyle.Configuration:isIgnoreImportLength,1,0,0,0,0.5,0,3,4,0,0.7161054015159607,0.5773502691896258,0,0,0,0,0,0,0,0,0,0
1,com.puppycrawl.tools.checkstyle.Scope:getName,2,0,0,0,0.5,0,2,4,0,0.9930652976036072,0.5773502691896258,0,0,0,0,0,0,0,0,0,0
1,com.puppycrawl.tools.checkstyle.CheckStyleTask:setJavadocScope,8,2,0,1,0.5,0,1,4,0,0.9094559550285339,0.7916390948403764,0,0,0,0,0,0,0,0,0,0
1,com.puppycrawl.tools.checkstyle.CheckStyleTask:setAllowProtected,1,1,0,1,0.5,0,1,4,0,0.9278359413146973,0.45291081365783836,0,0,0,0,0,0,0,0,0,0
1,com.puppycrawl.tools.checkstyle.InputScopeAnonInner:addInputAnonInner,0,2,0,0,0.2222222222222222,0,1,9,0,0.7680447697639465,0.214422506967559,0,0,0,0,0,0,0,0,0,0
1,com.puppycrawl.tools.checkstyle.Verifier:extractCComment,1,1,0,4,0.4117647058823529,2,5,17,2,0.001838392810896039,0.4771356881365788,0,0,0,0,0,0,0,0,0,0
1,com.puppycrawl.tools.checkstyle.CheckStyleTask:setIgnoreImports,1,1,0,1,0.5,0,1,4,0,0.9365003705024719,0.6531972647421809,0,0,0,0,0,0,0,0,0,0
1,com.puppycrawl.tools.checkstyle.CheckerTest:testRelaxedJavadoc,0,5,0,0,0.0,0,3,8,0,0.0,0.0,0,0,0,0,0,0,0,0,0,0
1,com.puppycrawl.tools.checkstyle.CheckerTest:testWhitespaceCastOff,0,5,0,0,0.0,0,5,8,0,0.0,0.0,0,0,0,0,0,0,0,0,0,0
1,com.puppycrawl.tools.checkstyle.Verifier:verifyNoWSAfter,0,8,0,1,0.2727272727272727,2,3,11,2,0.0247608982026577,0.6865437954763621,0,0,0,0,0,0,0,0,0,0
1,com.puppycrawl.tools.checkstyle.DefaultLogger:addError,1,1,0,1,0.5,0,1,4,0,0.9701703786849976,0.20412414523193148,0,0,0,0,0,0,0,0,0,0
1,com.puppycrawl.tools.checkstyle.CheckStyleTask:setPublicMemberPattern,0,1,0,1,0.2222222222222222,0,4,9,0,0.7929832935333252,0.6425754631219991,0,0,0,0,0,0,0,0,0,0
1,com.puppycrawl.tools.checkstyle.JavadocTag:getLineNo,18,0,0,0,0.5,0,2,4,0,0.9866051077842712,0.5773502691896258,0,0,0,0,0,0,0,0,0,0
1,com.puppycrawl.tools.checkstyle.Verifier:verifyWSAroundBegin,1,5,0,3,0.3333333333333333,3,5,15,3,0.007510442286729813,0.5518414496096197,0,0,0,0,0,0,0,0,0,0
1,com.puppycrawl.tools.checkstyle.CheckStyleTask:setHeaderIgnoreLine,0,1,0,1,0.5,0,1,4,0,0.9269182085990906,0.3086066999241838,0,0,0,0,0,0,0,0,0,0
1,com.puppycrawl.tools.checkstyle.InputSimple:InputSimple,0,0,0,0,0.6666666666666666,0,1,3,0,0.9863272905349731,0.0,0,0,0,0,0,0,0,0,0,0
1,com.puppycrawl.tools.checkstyle.AuditListener:fileStarted,1,0,0,1,1.5,0,2,2,0,0.9992755651473999,0.5962847939999439,0,0,0,0,0,0,0,0,0,0
1,com.puppycrawl.tools.checkstyle.Configuration:getMemberPat,1,0,0,0,0.5,0,2,4,0,0.9838261008262634,0.31622776601683794,0,0,0,0,0,0,0,0,0,0
1,com.puppycrawl.tools.checkstyle.Configuration:getPublicMemberRegexp,1,0,0,0,0.5,0,2,4,0,0.9391660690307617,0.6324555320336759,0,0,0,0,0,0,0,0,0,0
1,com.puppycrawl.tools.checkstyle.AuditEvent:AuditEvent,0,0,0,4,0.8571428571428571,0,1,7,0,0.7217972278594971,0.5310078242953823,0,0,0,0,0,0,0,0,0,0
1,com.puppycrawl.tools.checkstyle.DefaultLogger:fileFinished,1,0,0,1,0.6666666666666666,0,1,3,0,0.9947049021720886,0.2581988897471611,0,0,0,0,0,0,0,0,0,0
1,com.puppycrawl.tools.checkstyle.CheckStyleTask:setFile,0,1,0,1,0.5,0,1,4,0,0.977809727191925,0.7580980435789035,0,0,0,0,0,0,0,0,0,0
1,com.puppycrawl.tools.checkstyle.Configuration:setMaxFileLength,2,0,0,1,0.5,0,1,4,0,0.9373798370361328,0.861460984507896,0,0,0,0,0,0,0,0,0,0
1,com.puppycrawl.tools.checkstyle.CheckerTest:testStrictJavadoc,0,4,0,0,0.0,1,4,7,0,0.0,0.0,0,0,0,0,0,0,0,0,0,0
1,com.puppycrawl.tools.checkstyle.Configuration:isAllowTabs,1,0,0,0,0.5,0,2,4,0,0.9754850268363953,0.8164965809277259,0,0,0,0,0,0,0,0,0,0
1,com.puppycrawl.tools.checkstyle.Configuration:setMaxLineLength,1,0,0,1,0.5,0,1,4,0,0.9373798370361328,0.861460984507896,0,0,0,0,0,0,0,0,0,0
1,com.puppycrawl.tools.checkstyle.Checker:getLines,1,3,0,1,0.38461538461538464,2,6,13,2,0.2690107524394989,0.48420012470625223,0,0,0,0,0,0,0,0,0,0
